apo_name,label,data_type
2OUV_A_1,1.0,test
1NNA_A_1,1.0,train
1O73_A_1,1.0,train
6NTP_A_1,1.0,train
3SME_A_1,1.0,train
4BJO_A_1,1.0,train
2F6F_A_1,1.0,train
4QBE_A_1,1.0,train
5KA4_A_1,1.0,train
6CWV_A_1,1.0,train
6CWU_A_1,1.0,train
1I57_A_1,1.0,train
7KEN_A_1,1.0,train
7L0C_A_1,1.0,train
3A5K_A_1,1.0,train
3ZV2_A_1,1.0,train
1H05_A_1,1.0,train
4CKZ_A_1,1.0,train
1CAN_A_1,1.0,train
5ZXW_A_1,1.0,train
3MNJ_A_1,1.0,train
5CA2_A_1,1.0,train
1ZSA_A_1,1.0,train
1CAK_A_1,1.0,train
12CA_A_1,1.0,train
1CA3_A_1,1.0,train
1UGD_A_1,1.0,train
1CAJ_A_1,1.0,train
1HED_A_1,1.0,train
1CNH_A_1,1.0,train
1UGF_A_1,1.0,train
2NXR_A_1,1.0,train
1HEA_A_1,1.0,train
1CCT_A_1,1.0,train
1UGB_A_1,1.0,train
1CVA_A_1,1.0,train
1LZV_A_1,1.0,train
3DVD_A_1,1.0,train
6CA2_A_1,1.0,train
1CAL_A_1,1.0,train
9CA2_A_1,1.0,train
3MNK_A_1,1.0,train
1CAI_A_1,1.0,train
1TH9_A_1,1.0,train
1HEB_A_1,1.0,train
3DVC_A_1,1.0,train
1DCA_A_1,1.0,train
1G3Z_A_1,1.0,train
3RG4_A_1,1.0,train
1TG3_A_1,1.0,train
1H9Q_A_1,1.0,train
1CNI_A_1,1.0,train
1CNG_A_1,1.0,train
1H9N_A_1,1.0,train
1BIC_A_1,1.0,train
1UGE_A_1,1.0,train
1CCU_A_1,1.0,train
4QK1_A_1,1.0,train
4YGJ_A_1,1.0,train
3DV7_A_1,1.0,train
1CCS_A_1,1.0,train
7CA2_A_1,1.0,train
1CVF_A_1,1.0,train
1HEC_A_1,1.0,train
1CVC_A_1,1.0,train
3DVB_A_1,1.0,train
1CVE_A_1,1.0,train
8CA2_A_1,1.0,train
1UGC_A_1,1.0,train
1UGA_A_1,1.0,train
2NWO_A_1,1.0,train
3RG3_A_1,1.0,train
2NWY_A_1,1.0,train
1CNB_A_1,1.0,train
1HVA_A_1,1.0,train
1MUA_A_1,1.0,train
2FNK_A_1,1.0,train
1FQL_A_1,1.0,train
1YO0_A_1,1.0,train
1LG5_A_1,1.0,train
3M1Q_A_1,1.0,train
1CVD_A_1,1.0,train
1CVH_A_1,1.0,train
4MD7_E_1,1.0,validation
4MD8_E_1,1.0,validation
2R7I_A_1,1.0,validation
5ZN5_A_1,1.0,validation
4MD9_E_1,1.0,validation
4DGL_C_1,1.0,validation
1NA7_A_1,1.0,validation
5ZN0_A_1,1.0,validation
5ZN4_A_1,1.0,validation
5ZN3_A_1,1.0,validation
5ZN2_A_1,1.0,validation
3QPL_A_1,1.0,train
6BN8_C_1,1.0,train
2PV3_A_1,0.0,train
2PV1_A_1,0.0,train
1M5Y_A_1,1.0,train
5GKY_B_1,1.0,train
2PPP_A_1,1.0,train
2PPO_A_1,1.0,train
1EYM_A_1,1.0,train
3O71_A_1,1.0,train
7E73_A_1,1.0,train
3ZU7_A_1,1.0,train
6OT6_A_1,1.0,train
6OTS_A_1,1.0,train
3R63_A_1,1.0,train
2FYS_A_1,1.0,train
4S2Z_A_1,1.0,train
4S30_A_1,1.0,train
6D5Y_A_1,1.0,train
7E75_A_1,1.0,train
2GPH_A_1,1.0,train
6RFP_A_1,1.0,train
4IZ7_A_1,1.0,train
2E7O_A_1,1.0,train
1OS2_A_1,1.0,train
3BA0_A_1,1.0,train
2K9C_A_1,1.0,train
1AWQ_A_1,1.0,train
3K0O_A_1,1.0,train
3K0R_A_1,1.0,train
7TA8_A_1,1.0,train
1OD0_A_1,1.0,train
6R6H_V_1,1.0,train
4WQO_A_1,1.0,train
4JX3_A_1,1.0,train
1XQZ_A_1,1.0,train
3L1A_A_1,1.0,train
2CGH_A_1,1.0,train
1CRM_A_1,1.0,train
3SK1_A_1,0.0,train
7YER_B_1,1.0,train
3FKE_A_1,1.0,train
5BPV_A_1,1.0,train
5MXE_A_1,0.0,train
5UFB_A_1,0.0,train
5J80_A_1,1.0,train
8B7I_A_1,1.0,train
6GP4_A_1,1.0,train
2K5B_A_1,1.0,train
3FJU_A_1,0.0,train
7CML_A_1,1.0,train
5UQ1_A_1,1.0,train
2NWN_A_1,1.0,train
4ZKS_U_1,1.0,train
2WUD_A_1,1.0,train
1ZJD_A_1,1.0,train
1XXD_A_1,1.0,train
1IDP_A_1,1.0,train
1GYJ_A_1,1.0,train
1BTP_A_1,1.0,train
1EZX_C_1,1.0,train
6MRQ_A_1,1.0,train
1OPH_B_1,1.0,train
3VEQ_B_1,1.0,train
1TAW_A_1,1.0,train
1Q9P_A_1,1.0,test
1YH3_A_1,0.0,train
1ZVM_A_1,0.0,train
7DHA_A_1,1.0,train
5F1K_A_1,0.0,train
3F6Y_A_1,1.0,train
5F1O_A_1,0.0,train
3RAJ_A_1,1.0,train
2DP3_A_1,1.0,train
4BI5_A_1,1.0,train
1UZ6_E_1,1.0,train
1BBS_A_1,1.0,train
2X0B_A_1,1.0,train
1L0E_A_1,1.0,train
3IWQ_A_1,1.0,train
1L0F_A_1,1.0,train
1L0D_A_1,1.0,train
3IXD_A_1,1.0,train
3IWI_A_1,1.0,train
1OBP_A_1,1.0,train
6C4S_A_1,1.0,train
5IPB_A_1,1.0,train
5EMT_A_1,1.0,train
1KPB_A_1,1.0,train
5WAA_A_1,1.0,train
1G5W_A_1,1.0,train
3RSW_A_1,1.0,train
5C74_A_1,1.0,train
8ALY_A_1,1.0,train
4KDI_A_1,1.0,train
5B6C_A_1,1.0,train
5EPP_A_1,0.0,train
3QC8_A_1,1.0,train
2PJH_B_1,1.0,train
3TIW_A_1,1.0,train
5QUN_A_1,0.0,train
1C5M_D_1,1.0,validation
1HCG_A_1,1.0,validation
2GNQ_A_1,1.0,train
3PSL_A_1,1.0,train
5SXM_A_1,1.0,train
7DNO_A_1,1.0,train
2H68_A_1,1.0,train
2H9L_A_1,1.0,train
2H9M_A_1,1.0,train
4CY2_A_1,1.0,train
6BYN_W_1,1.0,train
7BCY_A_1,1.0,train
3EMH_A_1,1.0,train
3MXX_A_1,1.0,train
3N0E_A_1,1.0,train
3N0D_A_1,1.0,train
4OYJ_A_1,0.0,train
4JUY_A_1,1.0,train
4P09_A_1,0.0,train
4OYK_A_1,0.0,train
3FXY_A_1,0.0,train
1F7Z_A_1,1.0,train
1FY8_E_1,1.0,train
1AMH_A_1,1.0,train
5TXS_A_1,0.0,train
1SWF_A_1,1.0,train
5N7X_A_1,1.0,train
1HQQ_A_1,1.0,train
1RST_B_1,1.0,train
1STR_B_1,1.0,train
7EK8_A_1,1.0,train
1SWH_A_1,1.0,train
1SWL_A_1,1.0,train
1SWO_A_1,1.0,train
1N7Y_A_1,1.0,train
1SWS_A_1,1.0,train
1SWQ_A_1,1.0,train
1PTS_A_1,1.0,train
1KFF_A_1,0.0,train
1KL4_A_1,1.0,train
6MGX_A_1,1.0,train
3ZR9_A_1,1.0,train
6MH0_A_1,1.0,train
5WIG_A_1,1.0,train
4RM5_A_1,1.0,train
3SPU_A_1,1.0,train
4TZB_A_1,1.0,train
4TYF_A_1,0.0,train
4TZ9_A_1,1.0,train
4TZE_A_1,0.0,train
5ZGF_A_1,0.0,train
5WIH_A_1,0.0,train
6CAC_A_1,1.0,train
4TZF_A_1,1.0,train
3S0Z_A_1,1.0,train
3PG4_A_1,1.0,train
3S4U_A_1,1.0,train
7ZPV_A_1,1.0,train
5KMT_A_1,1.0,train
1YLW_A_1,1.0,train
6D7I_A_1,1.0,train
5TWD_A_1,1.0,train
8AF8_A_1,1.0,train
6CYN_A_1,1.0,train
4PMA_A_1,0.0,train
1A30_A_1,1.0,test
5D2O_A_1,0.0,train
5CZN_A_1,0.0,train
1I09_A_1,1.0,train
4IPG_A_1,1.0,train
2B29_A_1,1.0,train
5N8A_A_1,1.0,train
5EAY_A_1,1.0,train
1EWI_A_1,1.0,train
1PBH_A_1,1.0,train
3K9M_A_1,1.0,train
5H0Z_A_1,1.0,train
5H0Y_A_1,1.0,train
1IJN_A_1,1.0,train
5H0X_A_1,1.0,train
5H0W_A_1,1.0,train
2J1X_A_1,1.0,train
1UOL_A_1,1.0,train
5ZZ3_A_1,0.0,train
1ZKJ_A_1,0.0,train
5OAN_A_1,1.0,train
3DG9_A_1,1.0,train
2VLB_A_1,1.0,train
3IXM_A_1,1.0,train
4AD1_A_1,1.0,train
1CD1_A_1,1.0,train
1EAW_A_1,1.0,train
5LYO_A_1,1.0,train
2ZLB_A_1,1.0,train
2KBW_A_1,1.0,train
5JSB_A_1,1.0,train
2PQK_A_1,1.0,train
5C6H_A_1,1.0,train
6ZIE_B_1,1.0,train
4HW4_A_1,1.0,train
6QFI_A_1,1.0,train
5UUM_A_1,1.0,train
6MBD_A_1,1.0,train
2MHS_A_1,1.0,train
6MBE_A_1,1.0,train
7XGE_B_1,1.0,train
3PK1_A_1,1.0,train
6XR6_A_1,1.0,train
1SCI_A_1,0.0,train
2B3S_A_1,1.0,train
2IW2_A_1,1.0,train
3Q6L_A_1,1.0,train
1OS8_A_1,0.0,test
1CL5_A_1,1.0,train
4I15_A_1,1.0,train
3PH5_A_1,1.0,train
6NKQ_A_1,1.0,train
1BEB_A_1,1.0,train
6AA3_A_1,1.0,train
1IRY_A_1,1.0,train
6GLF_A_1,1.0,train
6GLO_A_1,1.0,train
6GLK_A_1,1.0,train
3OCY_A_1,0.0,test
3MHE_A_1,0.0,train
3G18_A_1,1.0,train
1DV7_A_1,1.0,train
3G1Y_A_1,1.0,train
1KM4_A_1,1.0,train
1KLZ_A_1,1.0,train
3G1S_A_1,1.0,train
3BOK_A_1,1.0,train
3DDA_A_1,1.0,train
7LZP_A_1,1.0,train
7KY2_A_1,1.0,train
2ISE_A_1,1.0,train
1XTG_A_1,1.0,train
1XTF_A_1,1.0,train
5MK6_A_1,1.0,train
4JRA_A_1,1.0,train
3FUO_A_1,1.0,train
5JMC_A_1,1.0,train
1YGW_A_1,1.0,train
4BIR_A_1,0.0,train
1RN4_A_1,1.0,train
3HME_A_1,1.0,train
3MX8_A_1,1.0,train
1C0B_A_1,1.0,train
1A2W_A_1,1.0,train
4WYN_A_1,1.0,train
1EIE_A_1,1.0,train
1IZP_A_1,1.0,train
3DIC_A_1,1.0,train
3DI7_A_1,1.0,train
3DH6_A_1,1.0,train
3DI8_A_1,1.0,train
3RSD_A_1,1.0,train
1YMN_A_1,1.0,train
3DI9_A_1,1.0,train
3DIB_A_1,1.0,train
1IZQ_A_1,1.0,train
1A5Q_A_1,1.0,train
3RH1_A_1,1.0,train
1KH8_A_1,1.0,train
1YMR_A_1,1.0,train
3RSP_A_1,1.0,train
1EIC_A_1,1.0,train
1IZR_A_1,1.0,train
1C9X_A_1,1.0,train
1C9V_A_1,1.0,train
1YMW_A_1,1.0,train
1EID_A_1,1.0,train
1SRN_A_1,1.0,train
3SRN_A_1,1.0,train
1SSC_A_1,1.0,train
1J7Z_B_1,0.0,train
4K7M_A_1,0.0,train
1CJQ_B_1,0.0,train
1HAN_A_1,0.0,train
1OZM_A_1,0.0,train
3HFY_A_1,1.0,train
1WKD_A_1,0.0,train
1WKE_A_1,0.0,train
1WKF_A_1,0.0,train
4DY1_A_1,0.0,train
3R1G_B_1,1.0,train
1SGZ_A_1,1.0,train
3TPJ_A_1,1.0,train
2E3M_A_1,0.0,train
6OP6_A_1,1.0,train
1GIF_A_1,1.0,train
1MIF_A_1,1.0,train
4EUI_A_1,1.0,train
4EVG_A_1,1.0,train
4GRP_A_1,1.0,train
4GRO_A_1,1.0,train
5BSC_A_1,1.0,train
4GRN_A_1,1.0,train
4PKZ_A_1,1.0,train
1P1G_A_1,1.0,train
1CGQ_A_1,1.0,train
4ETG_A_1,1.0,train
5UMJ_A_1,1.0,train
4GUM_A_1,1.0,train
5HVV_A_1,1.0,train
1EC7_A_1,0.0,train
7MW8_A_1,0.0,train
2GSN_A_1,0.0,train
3TTK_A_1,1.0,train
1JCZ_A_1,1.0,train
1IGS_A_1,0.0,train
2C3Z_A_1,0.0,train
2JCP_A_1,1.0,train
1ZAH_A_1,1.0,train
1EWD_A_1,1.0,train
7VDC_A_1,1.0,train
3B8D_A_1,1.0,train
3DFN_A_1,1.0,train
1EWE_A_1,1.0,train
3DFQ_A_1,1.0,train
1EX5_A_1,1.0,train
6V20_A_1,1.0,train
1DFC_A_1,1.0,train
1HZT_A_1,0.0,train
1R67_A_1,0.0,train
9ATC_A_1,1.0,train
1EZZ_A_1,1.0,train
4E2F_A_1,1.0,train
6KJ7_A_1,1.0,train
6KJ9_A_1,1.0,train
3MPU_A_1,1.0,train
4O2C_A_1,0.0,train
6MKX_A_1,1.0,train
1BHS_A_1,1.0,train
1J4G_A_1,1.0,train
2JDL_A_1,1.0,train
1GIS_A_1,1.0,train
1LGU_A_1,0.0,train
3GG3_A_1,0.0,train
2NLA_A_1,1.0,train
3D7V_A_1,1.0,train
1DBR_A_1,1.0,train
1MEO_A_1,1.0,train
4I70_A_1,1.0,validation
2ZCO_A_1,1.0,train
1GGG_A_1,1.0,train
2K28_A_1,1.0,train
3I8Z_A_1,1.0,train
1MH9_A_1,1.0,train
5MTM_A_1,1.0,train
1BHH_B_1,1.0,train
7K4P_A_1,0.0,train
7K4R_A_1,0.0,train
3EH0_A_1,1.0,train
5MMC_A_1,1.0,train
4F8Q_A_1,1.0,train
4F80_A_1,1.0,train
4F8T_A_1,1.0,train
5C0N_A_1,1.0,train
5D8J_A_1,1.0,train
5LDI_A_1,1.0,train
2X0G_A_1,1.0,validation
6FHA_A_1,1.0,validation
2XZS_A_1,1.0,validation
2Y4P_A_1,1.0,validation
1WVW_A_1,1.0,validation
1GUB_A_1,1.0,train
1PYT_B_1,1.0,train
1ARL_A_1,1.0,train
4UC6_A_1,1.0,validation
2YHM_A_1,1.0,validation
2WJ8_A_1,1.0,validation
4UC7_A_1,1.0,validation
1APN_A_1,1.0,train
4EMU_A_1,0.0,train
4YRU_A_1,1.0,train
4OV2_A_1,1.0,train
3GAQ_A_1,1.0,train
1UB6_B_1,1.0,train
1GRI_A_1,1.0,test
1FHS_A_1,1.0,test
6VK2_A_1,1.0,test
1GHU_A_1,1.0,test
1PRG_A_1,1.0,test
3PRG_A_1,1.0,test
6KTM_A_1,1.0,test
7E2O_A_1,1.0,test
7CXE_A_1,1.0,test
7CXJ_A_1,1.0,test
3JZN_A_1,1.0,train
6U4Y_D_1,1.0,train
5WP3_A_1,1.0,train
5BWY_A_1,1.0,validation
3F9Q_A_1,1.0,validation
2WB8_A_1,1.0,train
3RFZ_A_1,1.0,train
5MCA_A_1,1.0,train
4ZKF_A_1,1.0,validation
1BPM_A_1,1.0,train
3DAI_A_1,1.0,train
1MUT_A_1,1.0,train
5ETC_A_1,1.0,train
1LEW_A_1,1.0,train
3TG1_A_1,1.0,train
2OZA_B_1,1.0,train
3P4K_A_1,1.0,train
5ETI_A_1,1.0,train
2LGC_A_1,1.0,train
5ETF_A_1,1.0,train
2Y8O_A_1,1.0,train
4E5A_X_1,1.0,train
3PB4_X_1,1.0,train
2OS5_A_1,1.0,validation
2YQD_A_1,1.0,train
3ZKW_A_1,1.0,train
5MBQ_A_1,1.0,train
5LWH_A_1,1.0,train
5LWQ_A_1,1.0,train
5MBU_A_1,1.0,train
5MBT_A_1,1.0,train
1BT7_A_1,1.0,train
1NS3_A_1,0.0,train
1A1Q_A_1,1.0,train
1M73_E_1,1.0,train
1SW4_A_1,1.0,train
3O5G_A_1,1.0,train
3O5E_A_1,1.0,train
3O5D_A_1,1.0,train
4R0X_A_1,1.0,train
5NJX_A_1,1.0,train
1KT0_A_1,0.0,train
1X2J_A_1,0.0,train
2DYH_A_1,0.0,train
7ECA_A_1,0.0,train
1H09_A_1,0.0,train
3G2G_A_1,1.0,validation
1Z5R_A_1,1.0,train
6G4T_A_1,1.0,train
4IGM_A_1,0.0,train
4OFC_A_1,0.0,train
4IGN_A_1,0.0,train
6SW3_A_1,0.0,train
1AG1_O_1,1.0,train
5I3F_A_1,1.0,train
1TPE_A_1,1.0,train
5I3J_A_1,1.0,train
2J24_A_1,1.0,train
5I3G_A_1,1.0,train
1OGC_A_1,1.0,train
5IIG_A_1,0.0,train
3G3Q_A_1,0.0,train
6FV3_A_1,1.0,validation
1RAV_A_1,1.0,train
1NQN_A_1,1.0,train
1L7L_A_1,1.0,train
1XYA_A_1,0.0,train
1XYL_A_1,0.0,train
1MUW_A_1,0.0,train
5OVA_A_1,0.0,train
5OVV_A_1,0.0,train
3TD3_A_1,1.0,validation
2BUT_B_1,0.0,train
1EO2_B_1,0.0,train
5K38_A_1,1.0,train
2K3H_A_1,1.0,train
4LT7_A_1,1.0,train
6PXN_A_1,1.0,train
6PXP_A_1,1.0,train
1CKI_A_1,1.0,train
4JJR_A_1,1.0,train
3UYS_A_1,1.0,train
2I8N_A_1,1.0,validation
1GZK_A_1,1.0,train
1MRV_A_1,1.0,train
1GZN_A_1,1.0,train
3ESK_A_1,0.0,train
2NC9_A_1,1.0,train
1YPI_A_1,1.0,train
4MFI_A_1,1.0,train
3FGN_A_1,1.0,train
2A24_A_1,1.0,train
7QH0_A_1,1.0,train
1F5Z_A_1,1.0,train
1AMP_A_1,1.0,train
1RTQ_A_1,1.0,train
3B35_A_1,1.0,train
2ANP_A_1,1.0,train
3ID7_A_1,1.0,train
7KJB_A_1,1.0,validation
4P2K_A_1,1.0,validation
5EK7_A_1,1.0,validation
3D7C_A_1,0.0,train
2ZGL_A_1,1.0,train
2ZGS_A_1,1.0,train
2ZGQ_A_1,1.0,train
2ZGK_A_1,1.0,train
2ZGP_A_1,1.0,train
2ZGU_A_1,1.0,train
2ZGT_A_1,1.0,train
1WM9_A_1,1.0,validation
7MOB_A_1,1.0,train
1NK1_A_1,0.0,train
2QJ2_A_1,0.0,train
4D3C_A_1,0.0,train
3NM8_A_1,0.0,train
3NQ5_A_1,0.0,train
4J6V_A_1,0.0,train
4HD4_A_1,0.0,train
4J6U_A_1,0.0,train
4J6T_A_1,0.0,train
4HD7_A_1,0.0,train
2V2D_A_1,1.0,train
1OTX_A_1,1.0,train
3OPV_A_1,1.0,train
1EF8_A_1,1.0,train
2BIT_X_1,1.0,train
3QYU_A_1,1.0,train
2EJX_A_1,0.0,train
3C5K_A_1,1.0,train
3GV4_A_1,1.0,train
1OAQ_H_1,1.0,train
7KK2_A_1,1.0,train
3ZIN_A_1,1.0,train
5HUW_C_1,1.0,train
4BA3_A_1,1.0,train
7JJM_B_1,1.0,train
4HTV_A_1,1.0,train
6IW8_C_1,1.0,train
1Q1S_C_1,1.0,train
3OQS_A_1,1.0,train
6IU7_A_1,1.0,train
4ZDU_A_1,1.0,train
1EJL_I_1,1.0,train
5K9S_A_1,1.0,train
1Y2A_C_1,1.0,train
3TPO_A_1,1.0,train
2C1M_A_1,1.0,train
5CTT_A_1,1.0,train
2YNR_A_1,1.0,train
3BTR_C_1,1.0,train
1IAL_A_1,1.0,train
6P6E_A_1,1.0,train
3VE6_A_1,1.0,train
3TPM_A_1,1.0,train
3LOI_A_1,0.0,train
1W9P_A_1,1.0,train
2F7M_F_1,1.0,train
1C1M_A_1,1.0,train
1HAX_B_1,1.0,train
4GUL_A_1,1.0,validation
4HLT_A_1,1.0,validation
1MMI_A_1,1.0,train
4K74_A_1,1.0,train
2XUR_A_1,1.0,train
1JQJ_A_1,1.0,train
2F7K_A_1,1.0,train
1NSK_L_1,0.0,train
3BBC_A_1,1.0,train
5EJF_A_1,1.0,train
5EJG_A_1,1.0,train
5CSF_A_1,1.0,train
1MQ1_A_1,1.0,train
1BQ2_A_1,1.0,train
5BUT_A_1,1.0,train
4X8M_A_1,1.0,train
6S36_A_1,1.0,train
4X8H_A_1,1.0,train
6RZE_A_1,1.0,train
1KV6_A_1,1.0,train
1TFC_A_1,1.0,train
2QJS_A_1,1.0,train
2QIN_A_1,1.0,train
3LVZ_A_1,1.0,train
2GMN_A_1,1.0,train
1B6C_B_1,1.0,train
2ARA_A_1,1.0,validation
1H4F_A_1,0.0,train
1DD8_A_1,0.0,train
2BYY_A_1,0.0,train
2BYW_A_1,0.0,train
1AF2_A_1,1.0,train
6DYM_A_1,1.0,validation
4RWX_A_1,1.0,train
4FNA_A_1,1.0,train
1GOW_A_1,1.0,validation
1A3H_A_1,1.0,train
1T0V_A_1,1.0,validation
6AOW_A_1,0.0,train
1GSD_A_1,1.0,train
3ZFL_A_1,1.0,train
3U6V_A_1,1.0,train
3ZFB_A_1,1.0,train
3Q74_A_1,1.0,train
1XWG_A_1,1.0,train
5BQ1_A_1,0.0,train
1BNC_A_1,1.0,train
2GPS_A_1,1.0,train
2GPW_A_1,1.0,train
2C1O_B_1,1.0,train
3H8A_A_1,1.0,train
1E9I_A_1,1.0,train
1QWQ_A_1,1.0,train
4KBQ_A_1,1.0,train
6EFK_A_1,0.0,train
3Q47_B_1,1.0,train
2C2L_A_1,1.0,train
1S7Q_A_1,1.0,train
2QRI_A_1,1.0,train
2QRS_A_1,1.0,train
3P4M_A_1,1.0,train
1KJ3_H_1,1.0,train
2QRT_A_1,1.0,train
1NAN_H_1,1.0,train
5OQF_A_1,1.0,train
5OQH_A_1,1.0,train
5OQI_A_1,1.0,train
1N59_A_1,1.0,train
5OQG_A_1,1.0,train
1FO0_H_1,1.0,train
3RGV_C_1,1.0,train
2MHA_A_1,1.0,train
6IHS_A_1,0.0,train
6IHL_A_1,0.0,train
6IHR_A_1,0.0,train
6IHW_A_1,0.0,train
6IHV_A_1,1.0,train
6IHU_A_1,1.0,train
5F1M_A_1,1.0,train
2BZE_A_1,1.0,train
2VPD_A_1,0.0,train
2DX8_A_1,0.0,train
2VPB_A_1,0.0,train
3ITM_A_1,1.0,train
1Z1L_A_1,0.0,train
6HPG_A_1,1.0,train
2ZWY_A_1,1.0,train
3VVX_A_1,1.0,train
3DTQ_A_1,1.0,validation
1Z1M_A_1,1.0,train
3G03_A_1,1.0,train
1YCR_A_1,1.0,train
1T4F_M_1,1.0,train
7AYE_A_1,1.0,train
2M86_B_1,1.0,train
2MPS_A_1,1.0,train
3EQS_A_1,1.0,train
4RWI_A_1,1.0,train
3KXX_A_1,1.0,train
3T6N_A_1,1.0,train
1SLM_A_1,1.0,train
1QIC_A_1,1.0,train
1QIA_A_1,1.0,train
5CXQ_A_1,0.0,train
4AC6_A_1,1.0,train
5GLH_A_1,1.0,train
2B6T_A_1,1.0,train
1L94_A_1,1.0,train
1L93_A_1,1.0,train
1L92_A_1,1.0,train
1C6P_A_1,1.0,train
1P56_A_1,0.0,train
1L91_A_1,1.0,train
1JTM_A_1,1.0,train
1C6L_A_1,0.0,train
4YXC_A_1,1.0,train
5VBA_A_1,1.0,train
7XB5_A_1,1.0,train
6LRY_A_1,1.0,train
4RWS_A_1,1.0,train
1L54_A_1,1.0,train
1L77_A_1,1.0,train
1P7S_A_1,1.0,train
2L78_A_1,1.0,train
1P36_A_1,1.0,train
138L_A_1,1.0,train
118L_A_1,1.0,train
120L_A_1,1.0,train
122L_A_1,1.0,train
206L_A_1,1.0,train
224L_A_1,1.0,train
123L_A_1,1.0,train
119L_A_1,1.0,train
125L_A_1,1.0,train
221L_A_1,1.0,train
1LYF_A_1,1.0,train
130L_A_1,1.0,train
131L_A_1,1.0,train
114L_A_1,1.0,train
1L68_A_1,1.0,train
165L_A_1,1.0,train
234L_A_1,1.0,train
230L_A_1,1.0,train
233L_A_1,1.0,train
1L61_A_1,1.0,train
111L_A_1,1.0,train
129L_A_1,1.0,train
127L_A_1,1.0,train
128L_A_1,1.0,train
126L_A_1,1.0,train
1L55_A_1,1.0,train
255L_A_1,1.0,train
217L_A_1,1.0,train
1QT6_A_1,1.0,train
1QTH_A_1,1.0,train
196L_A_1,1.0,train
1G1V_A_1,1.0,train
1LYE_A_1,1.0,train
1L87_A_1,1.0,train
1L66_A_1,1.0,train
1LYG_A_1,1.0,train
1L59_A_1,1.0,train
109L_A_1,1.0,train
166L_A_1,1.0,train
1LYJ_A_1,1.0,train
239L_A_1,1.0,train
1QT4_A_1,1.0,train
1L88_A_1,1.0,train
1C63_A_1,1.0,train
1L67_A_1,1.0,train
112L_A_1,1.0,train
254L_A_1,1.0,train
1G1W_A_1,1.0,train
195L_A_1,1.0,train
107L_A_1,1.0,train
1LLH_A_1,1.0,train
113L_A_1,1.0,train
1L86_A_1,1.0,train
164L_A_1,1.0,train
171L_A_1,1.0,train
229L_A_1,1.0,train
175L_A_1,1.0,train
1L39_A_1,1.0,train
115L_A_1,1.0,train
1QT7_A_1,1.0,train
1LYI_A_1,1.0,train
1L62_A_1,1.0,train
1L95_A_1,1.0,train
1L76_A_1,1.0,train
1TLA_A_1,1.0,train
137L_A_1,1.0,train
160L_A_1,1.0,train
162L_A_1,1.0,train
163L_A_1,1.0,train
161L_A_1,1.0,train
1QTZ_A_1,0.0,train
1LYH_A_1,1.0,train
110L_A_1,1.0,train
108L_A_1,1.0,train
232L_A_1,1.0,train
231L_A_1,1.0,train
1L65_A_1,1.0,train
253L_A_1,0.0,train
1C60_A_1,1.0,train
1JQU_A_1,1.0,train
216L_A_1,1.0,train
1QS9_A_1,1.0,train
218L_A_1,1.0,train
213L_A_1,1.0,train
214L_A_1,1.0,train
102L_A_1,1.0,train
4ARJ_A_1,1.0,train
6KVX_A_1,1.0,train
4XSJ_A_1,1.0,train
5BZ6_A_1,1.0,train
6JG0_A_1,1.0,train
4IAP_A_1,1.0,train
1W0N_A_1,1.0,train
3UQ3_A_1,1.0,train
4YHN_A_1,1.0,train
1E0W_A_1,1.0,train
1QQJ_A_1,0.0,validation
1BD3_A_1,1.0,train
2R57_A_1,1.0,train
2R73_A_1,0.0,train
2QRJ_A_1,1.0,train
3UGK_A_1,1.0,train
1PDY_A_1,0.0,train
4M5W_A_1,1.0,train
1NBF_A_1,1.0,train
5JTJ_A_1,1.0,train
1LSG_A_1,1.0,train
4YEO_A_1,1.0,train
1V7S_A_1,1.0,train
193L_A_1,1.0,train
1HEO_A_1,0.0,train
1IR8_A_1,0.0,train
1IR7_A_1,0.0,train
1IR9_A_1,0.0,train
1HEM_A_1,0.0,train
2IFF_Y_1,1.0,train
1HER_A_1,0.0,train
1IOT_A_1,0.0,train
1KXW_A_1,0.0,train
1LSY_A_1,0.0,train
1LZD_A_1,0.0,train
6F1L_A_1,0.0,train
1FLY_A_1,0.0,train
1FLW_A_1,0.0,train
1FLQ_A_1,0.0,train
1FN5_A_1,0.0,train
1FLU_A_1,0.0,train
1KXY_A_1,0.0,train
3QY4_A_1,0.0,train
1NBY_C_1,1.0,train
1NBZ_C_1,1.0,train
1NDG_C_1,1.0,train
1IOS_A_1,0.0,train
3OK0_A_1,0.0,train
3WVX_A_1,0.0,train
1A2Y_C_1,1.0,train
1UID_A_1,0.0,train
1UIC_A_1,0.0,train
1UIE_A_1,0.0,train
1UIF_A_1,0.0,train
1FDP_A_1,1.0,train
1EOG_A_1,1.0,train
1EOH_A_1,1.0,train
3B3L_A_1,1.0,train
1AH6_A_1,1.0,train
3C0E_A_1,1.0,train
6I5E_A_1,1.0,train
4R5J_A_1,1.0,train
1DKY_A_1,1.0,train
4F01_A_1,1.0,train
1DKX_A_1,1.0,train
1DG4_A_1,1.0,train
1BPR_A_1,1.0,train
5ZA4_A_1,1.0,train
4MAT_A_1,1.0,train
1MAT_A_1,1.0,train
1FL1_A_1,1.0,train
7K4T_A_1,0.0,train
5T2E_A_1,1.0,test
1TDA_A_1,1.0,train
1BO8_A_1,1.0,train
1BO7_A_1,1.0,train
6IX6_A_1,0.0,train
2E88_A_1,1.0,train
1EA2_A_1,0.0,train
1DMQ_A_1,0.0,train
1DMM_A_1,0.0,train
3VSY_A_1,0.0,train
1C7H_A_1,0.0,train
1K41_A_1,0.0,train
1W00_A_1,0.0,train
6F4Y_A_1,0.0,train
3RGR_A_1,1.0,train
1TQ0_B_1,1.0,train
3EE0_B_1,1.0,train
1BTH_H_1,1.0,train
1B7X_B_1,1.0,validation
1DM4_B_1,1.0,validation
4H6S_B_1,1.0,validation
4H6T_A_1,1.0,validation
6N4A_A_1,1.0,train
1PKR_A_1,0.0,train
1HPJ_A_1,1.0,train
3BDG_B_1,1.0,train
1ED8_A_1,1.0,train
1ELX_A_1,1.0,train
2G9Y_A_1,1.0,train
5C66_A_1,1.0,train
3BDH_A_1,1.0,train
3CMR_A_1,1.0,train
1ELZ_A_1,1.0,train
1HQA_A_1,1.0,train
1ELY_A_1,1.0,train
1ALI_A_1,1.0,train
3DYC_A_1,1.0,train
3BDF_A_1,1.0,train
1AJA_A_1,1.0,train
1Y7A_A_1,1.0,train
1URA_A_1,1.0,train
1ANJ_A_1,1.0,train
2ANH_A_1,1.0,train
1ALH_A_1,1.0,train
1ANI_A_1,1.0,train
4KM4_A_1,1.0,train
3L2I_A_1,1.0,train
4GUF_A_1,0.0,train
3O1N_A_1,0.0,train
3PPN_A_1,1.0,train
1FO9_A_1,0.0,train
1FO8_A_1,0.0,train
3NIH_A_1,1.0,train
3NIT_A_1,0.0,train
6KGI_B_1,1.0,train
3L0C_A_1,0.0,train
3L0Y_A_1,0.0,train
1E15_A_1,0.0,train
1WS0_A_1,0.0,train
1LV1_A_1,1.0,test
1G6L_A_1,1.0,test
3ILL_A_1,1.0,train
3KUG_A_1,1.0,train
1TMJ_A_1,1.0,train
3NR6_A_1,1.0,train
2GYY_A_1,0.0,train
4QPC_A_1,1.0,train
2C8U_A_1,1.0,train
1F6Y_A_1,0.0,test
2I6Y_A_1,1.0,train
5ZDA_A_1,1.0,train
4A2I_V_1,0.0,train
3JSB_A_1,0.0,train
6BBR_A_1,0.0,train
6NP1_A_1,0.0,train
6AQU_A_1,1.0,train
1OO2_A_1,1.0,train
6HGD_A_1,1.0,train
2O2E_A_1,1.0,train
2RFJ_A_1,1.0,train
1G73_C_1,1.0,train
1G3F_A_1,1.0,train
1F9X_A_1,1.0,train
2OPZ_A_1,1.0,train
1NW9_A_1,0.0,train
2MZE_A_1,1.0,train
1AK5_A_1,1.0,validation
1FJ2_A_1,1.0,train
4OAF_A_1,0.0,train
4OAH_A_1,0.0,train
4YSK_A_1,0.0,train
1VIE_A_1,1.0,train
1RJY_A_1,1.0,train
1T0N_A_1,1.0,train
2CLV_A_1,1.0,train
2PHI_A_1,1.0,train
5HFQ_A_1,0.0,validation
2G4A_A_1,1.0,validation
1WN5_A_1,1.0,train
2Z3J_A_1,1.0,train
1HO1_A_1,1.0,train
3VNA_A_1,0.0,train
6JG5_A_1,0.0,train
5ZW6_A_1,0.0,train
5XYB_A_1,0.0,train
5ZW5_A_1,0.0,train
6HP7_A_1,1.0,train
3PXG_A_1,1.0,train
2K77_A_1,1.0,train
2VL9_A_1,1.0,train
2OGQ_A_1,1.0,validation
1Q4O_A_1,1.0,validation
1YH2_A_1,0.0,train
6R75_A_1,0.0,train
1URP_A_1,1.0,train
1BA2_A_1,1.0,train
7KYZ_A_1,1.0,train
3DW0_A_1,1.0,train
7LJK_A_1,1.0,train
7TBX_A_1,1.0,train
3E2K_A_1,1.0,train
7LK8_A_1,1.0,train
1UJ1_A_1,1.0,train
3F9E_A_1,1.0,train
5B6O_A_1,1.0,train
2PWX_A_1,1.0,train
3M3S_A_1,1.0,train
4HI3_A_1,1.0,train
1Z1J_A_1,1.0,train
2QC2_A_1,1.0,train
3M3T_A_1,1.0,train
2QCY_A_1,1.0,train
2Q6G_A_1,1.0,train
3F9F_A_1,1.0,train
3E91_A_1,1.0,train
3M3V_A_1,1.0,train
3FZD_A_1,1.0,train
3F9G_A_1,1.0,train
5DAZ_A_1,0.0,train
6VUV_A_1,0.0,train
6VVF_A_1,0.0,train
6APY_A_1,0.0,train
6VPA_A_1,0.0,train
6VV4_A_1,0.0,train
5UVQ_A_1,0.0,train
4QY4_A_1,0.0,train
2DAT_A_1,0.0,train
2FW1_A_1,1.0,train
2FW9_A_1,1.0,train
3N81_A_1,1.0,test
1ZUM_A_1,1.0,test
2ONN_A_1,1.0,test
3PJW_A_1,1.0,validation
1IDD_A_1,0.0,train
6ICD_A_1,0.0,train
6EVL_A_1,0.0,train
2XA0_A_1,1.0,train
5JSN_A_1,1.0,train
1NGL_A_1,1.0,validation
4TRB_A_1,1.0,train
2QRA_A_1,0.0,train
2POP_B_1,1.0,train
2POI_A_1,0.0,train
3LUC_A_1,0.0,train
4LC2_A_1,1.0,validation
2OQJ_B_1,1.0,train
4NHG_A_1,1.0,train
6YI0_AAA_1,0.0,train
4INC_A_1,1.0,train
1M9C_C_1,1.0,train
1AFV_A_1,1.0,train
4D1K_A_1,1.0,train
5MCZ_H_1,1.0,train
5MCX_A_1,1.0,train
1L6N_A_1,1.0,train
2M8L_A_1,1.0,train
2PWM_A_1,1.0,train
6VWS_A_1,1.0,train
3J34_5_1,1.0,train
7QDF_AAA_1,1.0,train
4USN_A_1,1.0,train
5L93_A_1,1.0,train
1HIW_A_1,0.0,train
2H3F_A_1,0.0,train
7MRL_B_1,0.0,train
6RWG_A_1,1.0,train
1MFS_A_1,1.0,train
3DS2_A_1,0.0,train
2Y90_A_1,1.0,validation
3QHS_A_1,1.0,validation
1HK9_A_1,1.0,validation
4RCB_A_1,1.0,validation
6BDG_A_1,1.0,validation
2R0F_A_1,0.0,test
1AKM_A_1,0.0,test
2POA_A_1,1.0,train
6VWU_A_1,1.0,train
3SW3_A_1,1.0,train
1KZ9_A_1,1.0,train
1KZ4_A_1,1.0,train
6HJL_A_1,1.0,train
4Z9V_A_1,1.0,train
3R85_A_1,1.0,train
2P1L_A_1,1.0,train
3E2H_A_1,1.0,train
2OI9_A_1,0.0,train
3ERY_A_1,1.0,train
6L9K_A_1,1.0,train
5AZF_A_1,0.0,train
5BTW_A_1,0.0,test
1MAS_A_1,1.0,train
3WG9_A_1,0.0,test
3K7O_A_1,1.0,train
3M1P_A_1,1.0,train
3K7P_A_1,1.0,train
3M6O_A_1,1.0,train
1ALV_A_1,0.0,train
4RNS_A_1,1.0,train
4BY4_A_1,1.0,train
2C0Y_A_1,1.0,train
1GLO_A_1,1.0,train
2DH4_A_1,0.0,test
2R9P_A_1,1.0,train
4DG4_A_1,0.0,train
4A21_A_1,1.0,train
3K01_A_1,1.0,train
5EF9_A_1,0.0,validation
1JDW_A_1,0.0,train
2JDX_A_1,0.0,train
1DF3_A_1,0.0,train
1I04_A_1,1.0,train
2LB6_A_1,1.0,train
5W1V_A_1,1.0,train
3AM8_A_1,1.0,train
7NDQ_AAA_1,1.0,train
6ZKW_A_1,1.0,train
1MHE_A_1,1.0,train
3BZE_A_1,1.0,train
6GGM_A_1,1.0,train
1KPR_A_1,1.0,train
1PMI_A_1,1.0,train
3GB8_B_1,0.0,test
7K2L_B_1,0.0,train
7K2F_A_1,0.0,train
7K2D_A_1,0.0,train
4IFJ_A_1,0.0,train
7K2H_A_1,0.0,train
6TG8_AAA_1,0.0,train
1U6D_X_1,0.0,train
5WFL_A_1,0.0,train
5F72_C_1,0.0,train
7K29_A_1,0.0,train
7K2B_A_1,0.0,train
7K28_A_1,0.0,train
1NPK_A_1,1.0,train
1HHQ_A_1,1.0,train
1LEO_A_1,1.0,train
1HLW_A_1,1.0,train
1NDK_A_1,1.0,train
1NCL_A_1,1.0,train
1A9O_A_1,1.0,train
1PBN_A_1,1.0,train
7MBZ_E_1,1.0,train
3SZY_A_1,1.0,train
3FFQ_A_1,0.0,train
2XDN_A_1,0.0,train
1LE4_A_1,1.0,train
1GS9_A_1,1.0,train
1B68_A_1,1.0,train
1LPE_A_1,1.0,train
1BZ4_A_1,1.0,train
1OR3_A_1,1.0,train
2KC3_A_1,1.0,train
1NFN_A_1,1.0,train
7FCR_A_1,1.0,train
7FCS_A_1,1.0,train
2L7B_A_1,1.0,train
6H97_A_1,0.0,test
1JAN_A_1,1.0,train
1BZX_E_1,1.0,train
1DDK_A_1,1.0,train
1WUP_A_1,1.0,train
6LVJ_A_1,1.0,train
4F6H_A_1,1.0,train
4GNT_A_1,0.0,train
4JE6_A_1,0.0,test
2LVW_A_1,1.0,train
3EXI_A_1,1.0,train
7AEO_A_1,1.0,train
1F4W_H_1,0.0,train
1D5I_H_1,1.0,train
5OJZ_A_1,1.0,train
6H8Y_A_1,1.0,train
6H90_A_1,1.0,train
3FM9_A_1,1.0,train
4JAK_A_1,1.0,train
4KDZ_A_1,1.0,train
1ESU_A_1,1.0,train
1LI9_A_1,1.0,train
1JWP_A_1,1.0,train
1LHY_A_1,1.0,train
1YT4_A_1,1.0,train
6B2N_A_1,1.0,train
3CMZ_A_1,1.0,train
5KKF_A_1,1.0,train
1LI0_A_1,1.0,train
6APA_A_1,1.0,train
1HTZ_A_1,1.0,train
5I52_A_1,1.0,train
5IQ8_A_1,1.0,train
1ZG4_A_1,0.0,train
2N6A_A_1,1.0,train
3EWT_A_1,1.0,train
7XNI_C_1,1.0,train
1ZUZ_A_1,1.0,train
4GOW_D_1,1.0,train
2LGF_A_1,1.0,train
1CDL_A_1,1.0,train
5WSU_A_1,1.0,train
1DMO_A_1,1.0,train
6U3A_A_1,1.0,train
6XXX_AAA_1,1.0,train
2K0J_A_1,1.0,train
7VVD_C_1,1.0,train
7VVH_C_1,1.0,train
6DAE_A_1,1.0,train
6XY3_AAA_1,1.0,train
6DAD_A_1,1.0,train
3IFK_A_1,1.0,train
5TP6_A_1,1.0,train
2M3S_A_1,1.0,train
2LV6_A_1,1.0,train
1MXE_A_1,1.0,train
1OOJ_A_1,1.0,train
1DEG_A_1,1.0,train
7L8V_A_1,1.0,train
5OEO_A_1,1.0,train
2HF5_A_1,1.0,train
1AUI_A_1,0.0,train
4ORB_A_1,0.0,train
2P6B_A_1,0.0,train
5SVE_A_1,0.0,train
3LL8_A_1,0.0,train
5C1V_A_1,1.0,train
1CMF_A_1,1.0,train
2LLO_A_1,1.0,train
3UCT_A_1,1.0,train
2LQC_A_1,1.0,train
1F70_A_1,1.0,train
1YRT_B_1,1.0,train
1AK8_A_1,1.0,train
1FW4_A_1,1.0,train
1F71_A_1,1.0,train
4J3Y_A_1,0.0,test
1C9Q_A_1,1.0,test
1CFP_A_1,1.0,train
1PSB_A_1,1.0,train
1AKZ_A_1,0.0,train
5AYR_A_1,1.0,train
1YUO_A_1,1.0,train
5JK7_D_1,1.0,train
7V7C_D_1,1.0,train
1KRI_A_1,1.0,train
4C3Z_A_1,0.0,test
2JWO_A_1,1.0,train
6GSE_A_1,1.0,train
1KUF_A_1,1.0,train
3P1B_A_1,1.0,train
1PSR_A_1,0.0,train
3CQX_A_1,1.0,train
4HWI_A_1,1.0,train
2BIJ_A_1,0.0,test
2GG4_A_1,1.0,train
1GXR_A_1,0.0,test
2KHZ_A_1,1.0,train
3P08_A_1,1.0,train
1K2P_A_1,1.0,train
2JG6_A_1,0.0,train
4AI4_A_1,0.0,train
1F0J_A_1,1.0,train
1DGQ_A_1,1.0,train
1LFA_A_1,1.0,train
3EOA_I_1,1.0,train
7KC3_C_1,1.0,train
3TCX_B_1,1.0,train
3UXA_A_1,1.0,train
3UY7_A_1,1.0,train
1C5B_L_1,0.0,train
1KXQ_A_1,1.0,test
7RTD_A_1,1.0,train
6W51_A_1,1.0,train
7EU2_A_1,1.0,train
7KGO_A_1,1.0,train
7BBG_A_1,1.0,train
5D2L_A_1,1.0,train
1AO7_A_1,1.0,train
6VQO_A_1,1.0,train
4WUU_A_1,1.0,train
1AKJ_A_1,1.0,train
3OXR_A_1,1.0,train
1QRN_A_1,1.0,train
3MR9_A_1,1.0,train
2UWE_A_1,1.0,train
3MRB_A_1,1.0,train
3OXS_A_1,1.0,train
3GSN_H_1,1.0,train
2JCC_A_1,1.0,train
1QSF_A_1,1.0,train
5EOT_A_1,1.0,train
1R28_A_1,1.0,test
6Y17_A_1,1.0,test
1CGS_L_1,1.0,train
2PE8_A_1,1.0,train
5LSO_A_1,0.0,train
2G15_A_1,1.0,train
1AST_A_1,0.0,test
4F5W_A_1,0.0,train
6NT5_A_1,1.0,train
3DV2_A_1,1.0,train
1GIG_L_1,0.0,train
1SM3_L_1,0.0,train
2Y06_L_1,0.0,train
8EMA_L_1,1.0,train
4L4Y_A_1,0.0,train
4L5I_A_1,0.0,train
1J7I_A_1,0.0,train
3JSL_A_1,0.0,test
1D9E_A_1,1.0,train
6ID2_A_1,0.0,train
6II4_A_1,0.0,train
1LQK_A_1,0.0,train
3ALS_A_1,0.0,validation
5E6N_A_1,1.0,train
5AZH_A_1,0.0,train
4NDS_A_1,0.0,train
1IHP_A_1,0.0,train
1YHV_A_1,0.0,test
3VJ8_A_1,1.0,train
1AZY_A_1,1.0,train
2WV0_A_1,1.0,train
7T0J_B_1,1.0,train
2IPT_L_1,1.0,train
2JGT_A_1,1.0,train
3C4U_A_1,1.0,train
5UCS_A_1,1.0,train
5UD1_A_1,1.0,train
1AYK_A_1,1.0,train
2J0T_A_1,0.0,train
1CGE_A_1,0.0,train
1CGF_A_1,0.0,train
3SHI_A_1,0.0,train
2CLT_A_1,1.0,train
3I2E_A_1,1.0,train
7USZ_A_1,1.0,train
5DDZ_A_1,1.0,test
3SRP_A_1,1.0,test
1OBS_A_1,1.0,test
4LGS_A_1,1.0,test
1UQ4_A_1,1.0,test
5BOZ_A_1,1.0,test
4LHQ_A_1,1.0,test
4LHJ_A_1,1.0,test
5E1H_A_1,1.0,test
6OBM_A_1,1.0,test
6OBG_A_1,1.0,test
4LGR_A_1,1.0,test
3DNJ_A_1,0.0,train
1E1A_A_1,0.0,train
2IAO_A_1,0.0,train
2IAP_A_1,0.0,train
2IAX_A_1,0.0,train
2IAQ_A_1,0.0,train
3LI3_A_1,0.0,train
2IAW_A_1,0.0,train
2IAU_A_1,0.0,train
2IAS_A_1,0.0,train
2GVX_A_1,0.0,train
2IAV_A_1,0.0,train
2GVU_A_1,0.0,train
2IAT_A_1,0.0,train
2IAR_A_1,0.0,train
3LI4_A_1,0.0,train
6K7E_A_1,1.0,train
6K7D_A_1,1.0,train
5GXT_A_1,1.0,train
4GLI_A_1,1.0,train
1EZO_A_1,1.0,train
7VGQ_B_1,1.0,train
4O2X_A_1,1.0,train
1MPB_A_1,1.0,train
3CSG_A_1,1.0,train
2OBG_A_1,1.0,train
5WVM_A_1,1.0,train
4O4B_A_1,1.0,train
4FE8_A_1,1.0,train
5GS2_A_1,1.0,train
1SVX_B_1,1.0,train
3IO4_A_1,1.0,train
1MH3_A_1,1.0,train
4R0Y_A_1,1.0,train
5GRU_A_1,1.0,train
2GEB_A_1,0.0,validation
5FI1_B_1,1.0,train
6AJ4_B_1,1.0,train
1AJE_A_1,1.0,train
1KI1_A_1,1.0,train
1EES_A_1,1.0,train
1GZS_A_1,1.0,train
3GCG_A_1,1.0,train
4HRX_A_1,0.0,train
4IH1_A_1,0.0,train
5Z9H_A_1,0.0,train
1K6W_A_1,1.0,train
3G77_A_1,0.0,train
5DEM_A_1,1.0,validation
4O23_A_1,1.0,train
4PPZ_A_1,1.0,train
1QTR_A_1,0.0,test
4XFW_A_1,0.0,test
1T45_A_1,0.0,train
1K2A_A_1,1.0,train
1EQF_A_1,1.0,train
3AAD_A_1,1.0,train
4GGR_A_1,0.0,test
5BRB_A_1,1.0,train
2VFF_A_1,1.0,train
2VFD_A_1,1.0,train
1VGA_A_1,0.0,train
6CWM_A_1,1.0,train
6CWC_A_1,1.0,train
1USG_A_1,1.0,train
2LBP_A_1,1.0,train
6FAD_A_1,1.0,train
3CVA_X_1,1.0,train
2BZW_A_1,1.0,train
1R2E_A_1,1.0,train
1PQ0_A_1,1.0,train
1AF3_A_1,1.0,train
3IHF_A_1,1.0,train
3IHE_A_1,1.0,train
3IHD_A_1,1.0,train
3TDU_A_1,0.0,validation
1LYD_A_1,0.0,train
1C69_A_1,0.0,train
1T6K_A_1,0.0,train
1XUB_A_1,0.0,train
4XZP_A_1,1.0,train
2KCU_A_1,1.0,train
5HIH_A_1,1.0,train
7RX9_A_1,0.0,train
3S6W_A_1,1.0,train
3PNW_C_1,1.0,train
2VW8_A_1,1.0,train
7TZ9_A_1,1.0,train
7U6G_A_1,1.0,train
1FEZ_A_1,1.0,train
2IOH_A_1,1.0,train
1SWV_A_1,0.0,train
2HVV_A_1,1.0,train
2K1B_A_1,1.0,train
1MFF_A_1,0.0,train
5UFD_A_1,0.0,train
4G6C_A_1,0.0,validation
6MIU_A_1,0.0,train
7R1O_AAA_1,0.0,train
2EAW_A_1,1.0,test
2JGY_A_1,1.0,test
6MG4_A_1,0.0,train
2GF7_A_1,1.0,train
7D4A_A_1,1.0,train
3VKN_A_1,0.0,test
1A4J_B_1,1.0,train
6V4X_H_1,1.0,train
2I7T_A_1,1.0,train
5XZK_A_1,1.0,train
4MHN_A_1,0.0,train
7D1H_A_1,0.0,train
6GV1_A_1,1.0,train
3B1Z_A_1,0.0,test
7MLE_A_1,1.0,train
2XPG_A_1,1.0,train
3BSG_A_1,0.0,train
2QPS_A_1,0.0,train
5X9B_A_1,1.0,train
5KH2_A_1,1.0,train
4QF3_A_1,0.0,train
7V2L_W_1,1.0,train
6IFS_A_1,1.0,train
6IFW_A_1,1.0,train
1A3Y_A_1,0.0,test
1YMY_A_1,1.0,train
7UEZ_A_1,1.0,train
1TWS_A_1,1.0,train
3V5O_A_1,0.0,train
1DQW_A_1,1.0,test
3GDR_A_1,1.0,test
3GDK_A_1,1.0,test
3GDM_A_1,1.0,test
2H6S_A_1,1.0,train
1C7P_A_1,0.0,train
1C46_A_1,0.0,train
1IWT_A_1,0.0,train
1GB6_A_1,0.0,train
1GBW_A_1,0.0,train
1GAZ_A_1,0.0,train
1YAP_A_1,0.0,train
1YAO_A_1,0.0,train
1YAM_A_1,0.0,train
1YAQ_A_1,0.0,train
1YAN_A_1,0.0,train
1GF5_A_1,0.0,train
1GF0_A_1,0.0,train
1GEZ_A_1,0.0,train
1GF3_A_1,0.0,train
2MEB_A_1,0.0,train
2MEE_A_1,0.0,train
1GB2_A_1,0.0,train
1GB8_A_1,0.0,train
1GBY_A_1,0.0,train
2MEC_A_1,0.0,train
2MEF_A_1,0.0,train
1IOC_A_1,0.0,train
1TCY_A_1,0.0,train
1WQN_A_1,0.0,train
1WQQ_A_1,0.0,train
1WQP_A_1,0.0,train
1WQM_A_1,0.0,train
1WQO_A_1,0.0,train
1GB0_A_1,0.0,train
1GB7_A_1,0.0,train
1GBX_A_1,0.0,train
1B5Z_A_1,0.0,train
1B5W_A_1,0.0,train
1B5V_A_1,0.0,train
1B5Y_A_1,0.0,train
1B5U_A_1,0.0,train
1B5X_A_1,0.0,train
1LAA_A_1,0.0,train
1EQ4_A_1,0.0,train
1GF4_A_1,0.0,train
1GF6_A_1,0.0,train
1GF7_A_1,0.0,train
133L_A_1,0.0,train
2MEA_A_1,0.0,train
2MED_A_1,0.0,train
1OUH_A_1,0.0,train
1OUC_A_1,0.0,train
1OUF_A_1,0.0,train
1OUI_A_1,0.0,train
1OUE_A_1,0.0,train
1OUB_A_1,0.0,train
1OUD_A_1,0.0,train
1OUG_A_1,0.0,train
1OUJ_A_1,0.0,train
134L_A_1,0.0,train
1GB9_A_1,0.0,train
1GBZ_A_1,0.0,train
1GB3_A_1,0.0,train
1LHL_A_1,0.0,train
1LOZ_A_1,0.0,train
2MEH_A_1,0.0,train
1JKA_A_1,0.0,train
1JKC_A_1,0.0,train
1EQ5_A_1,0.0,train
1EQE_A_1,0.0,train
1IP4_A_1,0.0,train
1IP5_A_1,0.0,train
1IP7_A_1,0.0,train
1IP2_A_1,0.0,train
1IP1_A_1,0.0,train
1IP6_A_1,0.0,train
1IP3_A_1,0.0,train
1B7M_A_1,0.0,train
1CJ9_A_1,0.0,train
1CJ7_A_1,0.0,train
1CKG_A_1,0.0,train
1CKD_A_1,0.0,train
1CKH_A_1,0.0,train
1C43_A_1,0.0,train
1GEV_A_1,0.0,train
1C45_A_1,0.0,train
1CJ6_A_1,0.0,train
1CJ8_A_1,0.0,train
1CKF_A_1,0.0,train
1CKC_A_1,0.0,train
1B7S_A_1,1.0,train
1GF8_A_1,0.0,train
1W08_A_1,0.0,train
1B7L_A_1,0.0,train
1BB3_A_1,0.0,train
2HED_A_1,0.0,train
2HEF_A_1,0.0,train
2HEC_A_1,0.0,train
2HEB_A_1,0.0,train
2HEA_A_1,0.0,train
1LHH_A_1,0.0,train
1GFT_A_1,0.0,train
1GFH_A_1,0.0,train
1GF9_A_1,0.0,train
1GE1_A_1,0.0,train
1JKB_A_1,0.0,train
1TDY_A_1,0.0,train
1LYY_A_1,1.0,train
2MEG_A_1,0.0,train
1GDX_A_1,0.0,train
1GE3_A_1,0.0,train
2MEI_A_1,0.0,train
1LHK_A_1,0.0,train
1I1Z_A_1,0.0,train
1I20_A_1,0.0,train
1B7O_A_1,0.0,train
1GE4_A_1,0.0,train
1GFV_A_1,0.0,train
1GFE_A_1,0.0,train
1GFK_A_1,0.0,train
1DI3_A_1,0.0,train
1GBO_A_1,0.0,train
1GAY_A_1,0.0,train
1GB5_A_1,0.0,train
1GDW_A_1,0.0,train
1GFR_A_1,0.0,train
1INU_A_1,0.0,train
1GFG_A_1,0.0,train
1GFJ_A_1,0.0,train
1GFA_A_1,0.0,train
1GFU_A_1,0.0,train
1TAY_A_1,0.0,train
1B7R_A_1,0.0,train
1B7N_A_1,0.0,train
2HEE_A_1,0.0,train
1B7Q_A_1,0.0,train
1JKD_A_1,0.0,train
1GE0_A_1,0.0,train
1GE2_A_1,0.0,train
1LHI_A_1,0.0,train
1LHJ_A_1,0.0,train
7AP7_A_1,0.0,train
1B7P_A_1,0.0,train
1DI5_A_1,1.0,train
3QT5_A_1,0.0,test
3HIS_A_1,1.0,train
3HIQ_A_1,1.0,train
9PAI_A_1,1.0,train
1C5G_A_1,1.0,train
1DVN_A_1,1.0,train
3H76_A_1,1.0,train
7EIB_A_1,1.0,train
5VLV_A_1,0.0,train
1EYH_A_1,1.0,train
1INZ_A_1,1.0,train
2F84_A_1,1.0,train
2BV9_A_1,0.0,test
1IA8_A_1,0.0,train
1P5X_A_1,0.0,train
1AH7_A_1,0.0,train
2FFZ_A_1,0.0,train
2FGN_A_1,0.0,train
2HUC_A_1,0.0,train
3N4I_A_1,1.0,train
2G2W_A_1,1.0,train
6VIE_A_1,0.0,train
1SC1_A_1,1.0,train
3E4C_A_1,1.0,train
6KN0_A_1,0.0,train
2O8A_A_1,1.0,train
4V0V_A_1,0.0,train
3RWC_A_1,0.0,train
2GP3_A_1,1.0,train
5V5M_A_1,0.0,train
2YPK_A_1,0.0,train
3X12_A_1,0.0,train
2HJK_A_1,0.0,train
2BVO_A_1,0.0,train
2YPL_A_1,0.0,train
4G69_A_1,1.0,train
3RL8_A_1,1.0,train
2RAL_A_1,1.0,train
3KZD_A_1,1.0,train
1BOQ_A_1,1.0,train
1GBJ_A_1,1.0,train
1GBA_A_1,0.0,train
1GBE_A_1,0.0,train
1P09_A_1,1.0,train
5CIP_H_1,1.0,train
2LSU_A_1,1.0,train
2L6J_A_1,1.0,train
6PXB_A_1,1.0,train
1Z6B_A_1,1.0,train
1ZHG_A_1,1.0,train
2OKH_A_1,1.0,train
2JLN_A_1,1.0,train
2KZS_A_1,1.0,train
4BAC_A_1,1.0,train
1V04_A_1,1.0,train
6G82_A_1,1.0,train
6O3W_A_1,1.0,train
1Y1N_A_1,0.0,train
4OOK_A_1,0.0,train
3ROR_A_1,0.0,train
3ECM_A_1,0.0,test
2A1I_A_1,0.0,train
2JPD_A_1,0.0,train
6SXA_G_1,0.0,train
3O17_A_1,1.0,train
2DSB_A_1,1.0,train
3ZZI_A_1,1.0,train
3HEI_A_1,1.0,test
3C8X_A_1,1.0,test
2X11_A_1,1.0,test
2R1U_A_1,1.0,train
1P5F_A_1,1.0,train
3CY6_A_1,1.0,train
1PE0_A_1,1.0,train
2RK3_A_1,1.0,train
2RK4_A_1,1.0,train
1J42_A_1,1.0,train
1KXR_A_1,0.0,test
2WMP_A_1,0.0,train
7LHG_D_1,1.0,train
5K93_A_1,0.0,train
1PDK_A_1,0.0,train
6CD2_A_1,0.0,train
1QPP_A_1,0.0,train
1PK6_A_1,0.0,validation
5X5A_A_1,1.0,train
4UP1_A_1,1.0,train
4GYH_A_1,1.0,train
3EDW_X_1,1.0,train
3EF9_A_1,1.0,train
3ED7_A_1,1.0,train
3GG5_A_1,1.0,train
5X4W_A_1,1.0,train
5X4Y_A_1,1.0,train
1HZW_A_1,1.0,train
6EDB_A_1,1.0,validation
4O68_A_1,1.0,validation
4MKP_A_1,1.0,validation
7C0M_K_1,1.0,validation
4KM5_A_1,1.0,validation
6Y5D_K_1,1.0,validation
6CT9_A_1,0.0,validation
6EDC_A_1,0.0,validation
3UIR_A_1,0.0,train
1BML_A_1,0.0,train
1L4Z_A_1,1.0,train
1DDJ_A_1,1.0,train
1L4D_A_1,1.0,train
6D3X_A_1,0.0,train
6D40_A_1,0.0,train
4WJ9_A_1,1.0,test
5TL6_B_1,0.0,test
2FE8_A_1,1.0,test
2JQ6_A_1,1.0,train
2KFF_A_1,0.0,train
5H7G_A_1,1.0,train
4U2M_A_1,1.0,train
4Z7G_A_1,1.0,train
4HFZ_A_1,1.0,train
2KPK_A_1,1.0,train
1P8O_A_1,1.0,train
1HQX_A_1,1.0,train
1P8M_A_1,1.0,train
3E8Q_A_1,1.0,train
2RLA_A_1,1.0,train
1TBL_A_1,1.0,train
1P8P_A_1,1.0,train
3RLA_A_1,1.0,train
3E8Z_A_1,1.0,train
1TBH_A_1,1.0,train
1P8S_A_1,0.0,train
1E0L_A_1,1.0,train
1HRH_A_1,0.0,test
1RDH_A_1,1.0,test
4J73_A_1,1.0,train
2YNN_A_1,1.0,train
2YNO_A_1,1.0,train
4J79_A_1,1.0,train
5B5Q_A_1,1.0,train
4DNQ_A_1,1.0,train
6CCJ_A_1,1.0,test
1A6S_A_1,1.0,test
5KZA_A_1,0.0,test
5KZ9_A_1,1.0,test
4GHQ_A_1,1.0,test
6HL0_A_1,1.0,train
3N4T_A_1,0.0,test
3SGC_A_1,1.0,test
1RY4_A_1,1.0,train
1RZX_A_1,1.0,train
1X8S_A_1,1.0,train
2H40_A_1,1.0,train
7S8Q_A_1,1.0,train
1Q94_A_1,1.0,train
7OW4_A_1,1.0,train
4MJ5_A_1,1.0,train
2KI3_A_1,1.0,train
7WA8_A_1,0.0,train
1W8W_A_1,0.0,test
5M5R_A_1,1.0,test
1BPO_A_1,1.0,test
6QNN_A_1,1.0,test
1UTC_A_1,0.0,test
1C9I_A_1,1.0,test
1C9L_A_1,1.0,test
2WL6_A_1,1.0,train
4I1Z_A_1,1.0,train
4I20_A_1,1.0,train
4I21_A_1,1.0,train
2JIT_A_1,1.0,train
1M14_A_1,1.0,train
4TKS_A_1,1.0,train
2GS2_A_1,1.0,train
2EB2_A_1,1.0,train
3GOP_A_1,1.0,train
2RFD_A_1,1.0,train
7TVD_A_1,1.0,train
1J2F_A_1,1.0,train
1QWT_A_1,1.0,train
5JEM_A_1,0.0,train
7LUO_A_1,1.0,train
5IF1_B_1,0.0,train
6P3W_B_1,0.0,train
1QBH_A_1,1.0,train
3D9T_A_1,1.0,train
3IEP_A_1,0.0,train
4JB8_A_1,0.0,train
1I4O_A_1,0.0,train
4HQ0_A_1,1.0,train
4FDL_A_1,0.0,train
1I51_A_1,0.0,train
7WZS_B_1,1.0,train
1K86_A_1,1.0,train
1KMC_A_1,1.0,train
4OCF_A_1,1.0,train
1X50_A_1,1.0,train
1HN9_A_1,1.0,train
6SS4_AAA_1,1.0,train
6SS6_AAA_1,1.0,train
3S9O_A_1,0.0,train
4Z6J_A_1,1.0,train
4Z27_A_1,1.0,train
6RTQ_A_1,1.0,train
3OC2_A_1,1.0,train
3PBN_A_1,1.0,train
4HZS_A_1,1.0,train
1U46_A_1,0.0,train
2QR8_A_1,0.0,test
5VLN_A_1,1.0,train
7SC2_A_1,1.0,train
2JT3_A_1,1.0,train
2JT0_A_1,1.0,train
2CTN_A_1,1.0,train
1AJ4_A_1,1.0,train
4L4R_A_1,1.0,train
2AFM_A_1,0.0,train
2ZED_A_1,0.0,train
2ZEF_A_1,0.0,train
2ZEO_A_1,0.0,train
2ZEL_A_1,0.0,train
2ZEN_A_1,0.0,train
2ZEE_A_1,0.0,train
2ZEM_A_1,0.0,train
2ZEP_A_1,0.0,train
3PBE_A_1,0.0,train
2AFS_A_1,0.0,train
2JU3_A_1,1.0,validation
6RMN_A_1,0.0,train
1KFU_S_1,1.0,train
4PHJ_A_1,1.0,train
2DIW_A_1,1.0,train
1EZM_A_1,1.0,train
1XFH_A_1,1.0,train
4OYE_A_1,1.0,train
4P19_A_1,1.0,train
6KP3_A_1,0.0,test
5WA1_A_1,0.0,test
2OEW_A_1,0.0,test
5V3R_A_1,0.0,test
1ABT_A_1,1.0,test
2VWF_A_1,0.0,train
3VFM_A_1,1.0,train
1ZHL_A_1,1.0,train
1A9B_A_1,1.0,train
3VFO_A_1,1.0,train
3VFN_A_1,1.0,train
1XH3_A_1,1.0,train
1A1N_A_1,1.0,train
1CG9_A_1,1.0,train
5XOS_A_1,1.0,train
4PRH_A_1,1.0,train
5HAI_A_1,1.0,train
1LXA_A_1,1.0,validation
1BKL_A_1,1.0,train
1AQD_B_1,1.0,train
1HXY_B_1,1.0,train
4X5X_B_1,1.0,train
4I5B_B_1,1.0,train
5FG9_H_1,0.0,train
5FG7_H_1,0.0,train
5BXL_H_1,0.0,train
4YA1_H_1,0.0,train
1DOZ_A_1,0.0,train
1AK1_A_1,1.0,train
2AC2_A_1,0.0,train
2H1V_A_1,1.0,train
3GOQ_A_1,0.0,train
2H1W_A_1,1.0,train
2AC4_A_1,1.0,train
7APJ_A_1,1.0,train
1UNP_A_1,1.0,train
2UZR_A_1,1.0,train
7MYX_A_1,1.0,train
4JMN_A_1,0.0,test
1CCD_A_1,1.0,train
1R5V_B_1,1.0,train
5ZCJ_C_1,1.0,train
1SSF_A_1,1.0,train
2G3R_A_1,1.0,train
1XNI_A_1,1.0,train
5J26_A_1,1.0,train
4P9U_A_1,1.0,train
4P96_A_1,1.0,train
4ORW_A_1,0.0,test
2WWP_A_1,1.0,test
4OS3_A_1,1.0,test
4OS0_A_1,1.0,test
5WM9_A_1,1.0,train
2GFV_A_1,0.0,train
2GFW_A_1,0.0,train
5RJI_A_1,1.0,train
7D68_B_1,0.0,train
7XAT_C_1,0.0,train
6M1H_E_1,0.0,train
6X18_B_1,0.0,train
7XA3_B_1,1.0,train
7F53_B_1,0.0,train
7XJK_C_1,0.0,train
7L0P_B_1,1.0,train
1B9X_A_1,1.0,train
7L1U_B_1,0.0,train
7BB6_C_1,1.0,train
6B20_A_1,0.0,train
7Y89_B_1,0.0,train
1VH0_A_1,1.0,train
1M47_A_1,1.0,train
1IRL_A_1,1.0,train
5LQB_A_1,1.0,train
6UP1_A_1,1.0,train
1WYI_A_1,1.0,train
6C2G_A_1,1.0,train
7SX1_A_1,1.0,train
4POC_A_1,1.0,train
2VOM_A_1,1.0,train
4POD_A_1,1.0,train
4UNK_A_1,1.0,train
6UP8_A_1,1.0,train
4ZVJ_A_1,1.0,train
4UNL_A_1,1.0,train
7RDE_A_1,0.0,train
4BR1_A_1,0.0,train
6NLH_A_1,1.0,train
4Z5Y_A_1,0.0,test
3JXP_A_1,0.0,test
2VYR_A_1,1.0,train
3DAB_A_1,1.0,train
2MWY_A_1,1.0,train
3MAV_A_1,1.0,train
3CIV_A_1,0.0,validation
2J6F_A_1,0.0,train
2MCN_A_1,0.0,train
2KRM_A_1,0.0,train
2APR_A_1,0.0,validation
1UH7_A_1,0.0,validation
1J5H_A_1,1.0,train
1JWF_A_1,1.0,train
4KI5_M_1,0.0,train
4XZU_G_1,0.0,train
1IQD_C_1,0.0,train
6ZEH_A_1,0.0,train
4G9J_A_1,1.0,train
6DCX_A_1,0.0,train
3N5U_A_1,1.0,train
5ZT0_A_1,0.0,train
2V5Q_A_1,0.0,validation
1E0D_A_1,1.0,train
2QLV_C_1,1.0,train
1G3G_A_1,1.0,train
1J4O_A_1,1.0,train
2WNQ_A_1,0.0,test
2WO5_A_1,0.0,test
2KM4_A_1,1.0,train
5WOZ_A_1,1.0,train
5TVV_A_1,0.0,test
1AVP_A_1,1.0,train
1BLR_A_1,1.0,train
1BM5_A_1,1.0,train
2FRS_A_1,1.0,train
3KD2_A_1,1.0,validation
4DMC_A_1,1.0,validation
4DM7_A_1,1.0,validation
3PI6_A_1,1.0,validation
4DLN_A_1,1.0,validation
3KDA_A_1,1.0,validation
4DMF_A_1,1.0,validation
2CG6_A_1,1.0,train
1O9A_A_1,1.0,train
6QW2_A_1,1.0,train
6QW1_A_1,1.0,train
5LEK_A_1,1.0,train
6QVY_A_1,1.0,train
6QVZ_A_1,1.0,train
5ZKS_A_1,1.0,train
5DTP_A_1,1.0,train
6XNJ_A_1,1.0,test
2DC2_A_1,1.0,test
2LOB_A_1,1.0,test
1XWH_A_1,1.0,train
1BC2_A_1,1.0,train
4NQ4_A_1,1.0,train
1BMC_A_1,1.0,train
1DXK_A_1,1.0,train
2NZF_A_1,1.0,train
2NXA_A_1,1.0,train
1G5V_A_1,0.0,train
1MHN_A_1,1.0,train
3VGO_A_1,1.0,train
4AL2_A_1,0.0,test
2W3T_A_1,1.0,test
1DFF_A_1,1.0,test
1DEF_A_1,1.0,test
2DEF_A_1,1.0,test
1F8T_L_1,1.0,train
7JHX_A_1,1.0,train
2L8J_A_1,1.0,train
6D48_E_1,1.0,train
1ACB_E_1,1.0,train
1ABO_A_1,1.0,train
2ABL_A_1,1.0,train
7LB8_D_1,1.0,train
1EVT_A_1,0.0,train
2K43_A_1,1.0,train
2RQ9_A_1,1.0,train
4J23_B_1,1.0,train
3FJB_A_1,1.0,train
1JT3_A_1,1.0,train
1K5V_A_1,0.0,train
3FJ8_A_1,1.0,train
1DZC_A_1,1.0,train
1K5U_A_1,1.0,train
1DZD_A_1,1.0,train
1Z2V_A_1,1.0,train
1U6E_A_1,0.0,test
1W79_A_1,1.0,train
6HV3_H_1,1.0,train
2RAW_A_1,0.0,train
1E31_A_1,0.0,train
6YIE_A_1,0.0,train
1F3H_A_1,0.0,train
3UEI_A_1,0.0,train
3UEE_A_1,0.0,train
3VV9_A_1,0.0,test
1BN5_A_1,1.0,train
4J5W_C_1,1.0,train
2O8M_A_1,1.0,train
2OIN_A_1,1.0,train
2QV1_A_1,1.0,train
1A1R_A_1,1.0,train
1CP7_A_1,0.0,test
2VQW_G_1,1.0,test
5ZOO_G_1,1.0,test
5ZOP_G_1,1.0,test
6IRE_B_1,0.0,test
1J8F_A_1,1.0,train
2W7S_A_1,0.0,validation
5E2T_L_1,1.0,train
4REX_A_1,1.0,train
5YDX_A_1,1.0,train
2JC7_A_1,0.0,test
1B4C_A_1,1.0,train
2K7O_A_1,1.0,train
2R7G_A_1,1.0,train
1N4M_A_1,0.0,train
3POM_A_1,0.0,train
4ELL_A_1,0.0,train
1GH6_B_1,0.0,train
1GVL_A_1,1.0,train
4IN1_A_1,1.0,train
3UR6_A_1,1.0,train
2LNC_A_1,1.0,train
2FYQ_A_1,1.0,train
6N2U_A_1,1.0,train
1IL8_A_1,0.0,train
4XDX_A_1,1.0,train
5WDZ_A_1,1.0,train
3GNS_A_1,1.0,train
1PRL_C_1,1.0,train
6D0A_A_1,1.0,train
5I97_A_1,0.0,test
6ZN3_B_1,1.0,train
3PO8_A_1,0.0,train
2LC1_A_1,1.0,train
6GXZ_A_1,1.0,train
6FDP_A_1,0.0,train
3UXG_A_1,0.0,train
3V30_A_1,0.0,train
4E5E_A_1,0.0,train
3O6F_B_1,1.0,train
2JNS_A_1,1.0,train
2NCZ_A_1,1.0,train
6MT4_A_1,0.0,train
3OQ7_A_1,1.0,test
3N6W_A_1,1.0,train
2MNY_A_1,1.0,train
3SHT_A_1,0.0,test
3QE1_A_1,1.0,train
3QDO_A_1,1.0,train
3QGL_A_1,1.0,train
3BSQ_A_1,1.0,train
5YGB_A_1,0.0,test
2PKU_A_1,1.0,test
2GZV_A_1,0.0,test
2LUI_A_1,1.0,test
3NOF_A_1,0.0,train
2L4Q_A_1,0.0,train
2I1U_A_1,0.0,train
2KR0_A_1,1.0,train
6CO4_A_1,1.0,train
2NBV_A_1,1.0,train
5V1Y_A_1,1.0,train
1NTE_A_1,0.0,train
1OBX_A_1,0.0,train
3CKH_A_1,1.0,test
2LW8_A_1,1.0,test
3GXU_A_1,1.0,test
1F7W_A_1,1.0,train
1F46_A_1,1.0,train
1F47_B_1,1.0,train
3DFA_A_1,1.0,train
3ICH_A_1,0.0,train
2DNV_A_1,1.0,train
3V3S_A_1,0.0,train
2QPN_A_1,0.0,train
1Y2Q_A_1,1.0,train
1CHP_D_1,1.0,train
1CHQ_D_1,1.0,train
1HT3_A_1,0.0,train
1IC6_A_1,0.0,train
2PKF_A_1,1.0,train
1UL9_A_1,0.0,train
3I32_A_1,0.0,test
2EYW_A_1,1.0,train
1CKA_A_1,0.0,train
1M3C_A_1,1.0,train
1M30_A_1,1.0,train
2EYY_A_1,1.0,train
2EYZ_A_1,1.0,train
1M3B_A_1,1.0,train
1M3A_A_1,1.0,train
5GJ4_B_1,1.0,train
5GPI_B_1,1.0,train
5T1V_A_1,1.0,train
6T36_A_1,0.0,train
2B49_A_1,1.0,train
1IJA_A_1,1.0,train
1T2P_A_1,1.0,train
4WHT_B_1,0.0,train
1T3E_A_1,0.0,train
2FTS_A_1,0.0,train
1JD4_A_1,0.0,test
3MEW_A_1,1.0,train
1R6K_A_1,0.0,test
6OUU_A_1,0.0,train
3EIW_A_1,1.0,train
2K7Z_A_1,1.0,train
1I4E_B_1,1.0,train
1BKZ_A_1,1.0,train
3DHG_A_1,0.0,train
5TDV_A_1,0.0,train
1YPT_A_1,1.0,train
1LYV_A_1,0.0,train
1YTS_A_1,0.0,train
1YY8_B_1,1.0,train
5I76_B_1,1.0,train
5GZ0_B_1,1.0,train
1AB4_A_1,1.0,train
3DAC_A_1,0.0,train
2Z5T_M_1,0.0,train
4KM9_A_1,1.0,train
1FMI_A_1,1.0,train
4MQV_A_1,0.0,train
1Z1D_A_1,1.0,train
4B3K_A_1,0.0,train
3VA1_A_1,0.0,validation
3FEX_C_1,0.0,train
5H43_A_1,0.0,train
7N8J_A_1,0.0,train
1KY6_A_1,1.0,train
3HS8_A_1,0.0,train
1B9K_A_1,0.0,train
3IFP_B_1,1.0,train
5Y8V_A_1,1.0,train
4A94_A_1,0.0,train
1H3I_A_1,1.0,validation
2QY9_A_1,0.0,train
1FTS_A_1,0.0,train
2AK5_A_1,0.0,train
6FGB_A_1,1.0,train
4N0F_A_1,1.0,train
1EXU_A_1,1.0,train
5BXF_A_1,1.0,train
2KS9_A_1,0.0,test
4U0T_A_1,0.0,test
4ARH_A_1,1.0,train
3SO8_A_1,1.0,train
4QQI_A_1,1.0,train
4LG6_A_1,1.0,train
3V2X_A_1,1.0,train
3V2O_A_1,0.0,train
1AXC_A_1,1.0,train
5IY4_A_1,1.0,train
6FCM_A_1,0.0,train
7M5L_A_1,1.0,train
6GIS_A_1,0.0,train
7KQ0_A_1,1.0,train
5MAV_A_1,1.0,train
6K3A_A_1,1.0,train
6QC0_A_1,1.0,train
4D2G_A_1,1.0,train
5MOM_A_1,1.0,train
5E0T_A_1,1.0,train
6EHT_C_1,1.0,train
6EHT_A_1,0.0,train
4ZTD_A_1,0.0,train
2K4E_A_1,0.0,train
1JGN_A_1,1.0,train
2RQG_B_1,1.0,train
3KTP_A_1,0.0,train
1G9L_A_1,1.0,train
3PTH_A_1,1.0,train
2X04_A_1,0.0,train
3KUR_A_1,1.0,train
2KCN_A_1,1.0,train
2E9G_A_1,1.0,train
2YMT_A_1,0.0,train
5XJM_A_1,1.0,train
7C6A_A_1,1.0,train
7KKM_A_1,1.0,train
1D2K_A_1,0.0,train
1LL7_A_1,0.0,train
1LL6_A_1,0.0,train
4Z0O_A_1,1.0,train
6L9O_A_1,1.0,train
5CGS_A_1,0.0,train
7PQE_A_1,1.0,train
3NTK_A_1,0.0,train
4Q5Y_A_1,0.0,train
4OF5_A_1,1.0,train
4LP4_A_1,1.0,train
4LP5_A_1,1.0,train
2E5E_A_1,1.0,train
2VPH_A_1,0.0,train
2CS5_A_1,1.0,train
7VZE_A_1,0.0,train
7ZUH_AAA_1,1.0,train
2FFF_B_1,0.0,train
1MJ5_A_1,0.0,validation
1IZ7_A_1,0.0,validation
1CV2_A_1,0.0,validation
4WDQ_A_1,0.0,validation
5AYX_A_1,1.0,train
4KWV_A_1,0.0,train
1BV4_A_1,1.0,train
1BAS_A_1,0.0,train
1II4_A_1,0.0,train
1BLA_A_1,1.0,train
6L4O_B_1,0.0,train
1BFG_A_1,0.0,train
1CVS_A_1,0.0,train
2M49_A_1,0.0,train
1MIE_L_1,1.0,train
3NWU_A_1,1.0,validation
7SJO_A_1,1.0,validation
6Z0E_A_1,1.0,validation
7SJN_A_1,1.0,validation
3TJN_A_1,1.0,validation
7D1Z_K_1,1.0,train
5HQ2_M_1,1.0,train
1TP3_A_1,0.0,train
5HFD_A_1,1.0,train
5HET_A_1,1.0,train
5VB0_A_1,1.0,train
6I7H_A_1,0.0,train
2LGG_A_1,1.0,train
3SHB_A_1,1.0,train
3T6R_A_1,1.0,train
3DFJ_A_1,1.0,train
3P1J_A_1,1.0,train
1GO5_A_1,1.0,train
7O0J_A_1,1.0,validation
1MVG_A_1,1.0,validation
1JUO_A_1,1.0,train
2JC2_A_1,1.0,train
1C3P_A_1,0.0,test
2MPH_A_1,1.0,train
2BMY_A_1,0.0,validation
1JR3_A_1,1.0,train
3GLH_B_1,1.0,train
2JQJ_A_1,1.0,train
1WEU_A_1,1.0,train
1WEN_A_1,1.0,train
2K1J_A_1,1.0,train
1N29_A_1,1.0,train
1N28_A_1,1.0,train
1PHT_A_1,1.0,train
1PKS_A_1,1.0,train
1WR4_A_1,1.0,train
2EXE_A_1,0.0,test
1AP4_A_1,1.0,train
1LA0_A_1,1.0,train
6KLU_A_1,1.0,train
1MKW_K_1,1.0,train
5JNR_A_1,0.0,train
4Z99_A_1,0.0,train
1W6X_A_1,1.0,train
1Z9Q_A_1,1.0,train
7X6L_A_1,1.0,train
1E3U_A_1,1.0,train
1FOF_A_1,1.0,train
2HP5_A_1,1.0,train
2HP6_A_1,1.0,train
3KDH_A_1,1.0,train
1MT0_A_1,0.0,test
2V8D_A_1,1.0,train
1N4O_A_1,0.0,train
3ZNY_A_1,1.0,train
7QQC_A_1,1.0,train
7R3R_A_1,1.0,train
7R3Q_A_1,1.0,train
6DO6_A_1,1.0,validation
2F73_A_1,1.0,validation
2PY1_A_1,1.0,validation
2L67_A_1,1.0,validation
3HMH_A_1,1.0,validation
1XZ9_A_1,1.0,train
7QCR_A_1,1.0,train
2AIN_A_1,1.0,train
3H1Z_A_1,0.0,train
2IV8_A_1,0.0,train
1JT0_A_1,1.0,train
5W7I_A_1,0.0,train
5W7J_A_1,0.0,train
2O2O_A_1,1.0,train
1WI7_A_1,1.0,train
2XQN_M_1,0.0,train
2IYB_A_1,0.0,train
1EVH_A_1,0.0,train
7LXF_A_1,1.0,train
7LXE_A_1,0.0,train
6GZJ_A_1,1.0,train
1F3C_A_1,1.0,train
7D35_A_1,1.0,train
1CMI_A_1,1.0,train
1S2O_A_1,1.0,train
2GDN_A_1,1.0,train
3ZHH_A_1,1.0,train
4JLF_A_1,0.0,train
4HL0_A_1,0.0,test
1NLD_L_1,1.0,train
4Q13_A_1,1.0,train
6VED_A_1,1.0,train
5IAY_A_1,1.0,train
5YDY_A_1,1.0,train
2LAW_A_1,1.0,train
2G33_A_1,1.0,train
6CWD_C_1,1.0,train
6CVK_C_1,1.0,train
3MYI_A_1,0.0,train
1MU5_A_1,0.0,test
5I8E_A_1,1.0,train
5I8C_A_1,1.0,train
3LQH_A_1,1.0,train
5YC2_A_1,1.0,train
6SYF_A_1,0.0,test
1YHK_A_1,0.0,test
4Z68_A_1,0.0,test
1FL5_A_1,1.0,train
3UMZ_A_1,0.0,validation
3UN0_A_1,0.0,validation
2JQG_R_1,1.0,train
5XN3_A_1,0.0,train
3B7B_A_1,0.0,test
6BY9_A_1,1.0,test
3FA8_A_1,1.0,train
4F7G_A_1,0.0,train
1Y19_B_1,0.0,train
3IVF_A_1,1.0,train
6VGU_A_1,1.0,train
2MWN_B_1,1.0,train
1MK7_B_1,1.0,train
1MIZ_B_1,1.0,train
1MIX_A_1,1.0,train
1UIU_A_1,1.0,train
5MTC_A_1,0.0,test
3VZ6_A_1,1.0,train
3VZ7_A_1,1.0,train
1KID_A_1,0.0,train
1LA1_A_1,0.0,train
3VZ8_A_1,1.0,train
1DK7_A_1,1.0,train
1JON_A_1,1.0,train
4WMQ_A_1,0.0,test
1RHW_A_1,1.0,train
4QH7_A_1,0.0,train
3BRL_A_1,0.0,train
3FM3_A_1,0.0,train
3C5W_C_1,0.0,train
3U39_A_1,0.0,train
3PFK_A_1,0.0,train
4I36_A_1,1.0,train
1B08_A_1,0.0,test
1PW9_A_1,0.0,test
1UTH_A_1,1.0,test
2Y7R_A_1,1.0,test
5AE4_A_1,0.0,test
5J3X_A_1,1.0,train
5HKW_A_1,1.0,train
6O02_A_1,1.0,train
2Y1M_A_1,1.0,train
6XAR_A_1,1.0,train
1B47_A_1,1.0,train
6O03_A_1,1.0,train
6ESP_A_1,1.0,train
5VWK_A_1,0.0,train
1X5Q_A_1,1.0,train
1KJW_A_1,1.0,train
5YPR_A_1,1.0,train
1PWJ_A_1,1.0,train
3P8M_A_1,0.0,train
1RE6_A_1,1.0,train
7CNU_A_1,0.0,train
2WFE_A_1,0.0,validation
3CKW_A_1,1.0,train
3ZHP_C_1,1.0,train
2O2W_A_1,0.0,train
4LN2_A_1,1.0,train
4JE4_A_1,1.0,train
6ATD_A_1,1.0,train
5IBM_A_1,1.0,train
6CMP_A_1,1.0,train
4OHE_A_1,1.0,train
4DGP_A_1,1.0,train
5BK8_A_1,1.0,train
4OHD_A_1,1.0,train
4OHL_A_1,1.0,train
4OHH_A_1,1.0,train
5IBS_A_1,1.0,train
7EMN_A_1,1.0,train
2OVP_B_1,0.0,validation
4PGG_A_1,0.0,validation
5CKD_A_1,0.0,train
3NFC_A_1,0.0,train
1UB4_A_1,0.0,train
5F3X_A_1,1.0,train
2KBQ_A_1,1.0,train
3K1R_A_1,1.0,train
1OZS_A_1,1.0,train
3C0Y_A_1,0.0,test
1BVH_A_1,1.0,train
1C0E_A_1,0.0,train
1KZW_A_1,1.0,train
1KZX_A_1,1.0,train
5XVL_A_1,1.0,train
4OMV_A_1,1.0,train
6WMR_M_1,1.0,train
3DPH_A_1,0.0,train
1EOT_A_1,1.0,train
3Q1Q_A_1,0.0,validation
7NP3_A_1,1.0,train
7NMN_A_1,1.0,train
5TH6_A_1,1.0,train
2MIC_A_1,1.0,train
2XRA_A_1,1.0,train
3MA9_A_1,1.0,train
1ENV_A_1,1.0,train
4IH9_A_1,1.0,train
3VXK_A_1,1.0,train
4AIF_A_1,0.0,train
2L05_A_1,1.0,train
5J17_A_1,1.0,train
3OSY_A_1,1.0,test
2L9S_B_1,1.0,train
1G1E_B_1,1.0,train
5IA7_A_1,0.0,validation
5IA8_A_1,0.0,validation
7W3N_A_1,0.0,validation
1F8H_A_1,0.0,train
2JXC_A_1,0.0,train
1EH2_A_1,0.0,train
7MJU_A_1,0.0,train
5DAG_A_1,0.0,train
1EM8_A_1,0.0,test
3DLM_A_1,1.0,train
5MOA_A_1,1.0,train
7Z1P_A_1,1.0,train
2M3O_W_1,0.0,train
2KPZ_A_1,1.0,train
1P14_A_1,0.0,train
1IRK_A_1,1.0,train
2KQS_A_1,1.0,train
2LAS_A_1,1.0,train
1A5R_A_1,1.0,train
2IY0_B_1,1.0,train
1WYW_B_1,1.0,train
2G4D_B_1,1.0,train
2UYZ_B_1,1.0,train
2BF8_B_1,1.0,train
2IY1_B_1,1.0,train
1TGZ_B_1,1.0,train
5ELJ_B_1,1.0,train
1Z5S_B_1,1.0,train
2N1V_A_1,1.0,train
1CBI_A_1,1.0,train
3E1R_A_1,1.0,train
5H61_A_1,1.0,train
1ADE_A_1,1.0,train
5XR1_A_1,1.0,train
3ISW_A_1,0.0,train
2MTP_A_1,1.0,train
4P3W_A_1,0.0,train
3OBQ_A_1,0.0,validation
1ZUH_A_1,1.0,train
3MRS_A_1,1.0,train
5M8K_A_1,0.0,train
5M8A_A_1,0.0,train
5M8J_A_1,0.0,train
1DDM_A_1,1.0,train
3JCO_4_1,1.0,train
4CR2_5_1,1.0,train
4QUY_K_1,0.0,train
4QUX_K_1,0.0,train
4QV7_K_1,0.0,train
4QV6_K_1,0.0,train
5CZA_K_1,0.0,train
4QV5_K_1,0.0,train
4QV3_K_1,0.0,train
5FGA_K_1,0.0,train
4QV4_K_1,0.0,train
4QV1_K_1,0.0,train
5CGF_K_1,0.0,train
4QV0_K_1,0.0,train
4QV8_K_1,0.0,train
4QV9_K_1,0.0,train
2NXD_A_1,0.0,test
7WSO_B_1,1.0,train
6FCZ_H_1,1.0,train
3S7G_A_1,1.0,train
3DNK_A_1,1.0,train
4NQS_B_1,1.0,train
5DVN_A_1,0.0,train
5DVK_A_1,0.0,train
5NZH_A_1,0.0,train
4J18_A_1,0.0,train
3CO2_A_1,1.0,train
4CHV_A_1,1.0,train
4KFW_A_1,1.0,train
5GMI_A_1,1.0,train
5H3J_A_1,1.0,train
3EW1_A_1,0.0,validation
2L4S_A_1,1.0,train
3DIW_A_1,1.0,train
2KG2_A_1,1.0,train
3SFJ_A_1,1.0,train
4E3B_A_1,1.0,train
4NNL_A_1,1.0,train
3DJ3_A_1,1.0,train
2M04_A_1,1.0,train
1G5J_A_1,1.0,train
6YLI_A_1,1.0,train
7XGF_B_1,1.0,train
4LAV_A_1,1.0,train
1N1A_A_1,1.0,train
4NJN_A_1,1.0,train
5F5D_A_1,1.0,train
5C6Q_A_1,0.0,train
5JA5_A_1,0.0,train
4YGA_A_1,1.0,train
3FEQ_A_1,0.0,validation
2ZJD_A_1,1.0,train
6LAN_A_1,1.0,train
6J04_A_1,1.0,train
1V49_A_1,1.0,train
5XAD_A_1,1.0,train
5XAC_A_1,1.0,train
5XAE_A_1,1.0,train
3VTW_A_1,1.0,train
3X0W_A_1,1.0,train
5MS2_B_1,1.0,train
3WAO_A_1,1.0,train
4WAA_A_1,1.0,train
5DCN_A_1,1.0,train
3VTV_A_1,1.0,train
3VTU_A_1,1.0,train
5W9A_C_1,1.0,train
2LU3_A_1,0.0,train
2F15_A_1,0.0,train
3D7U_B_1,1.0,train
4D8B_A_1,0.0,validation
1YFN_A_1,1.0,train
1HIL_A_1,1.0,train
1IFH_L_1,1.0,train
4LXC_A_1,0.0,train
5NMY_A_1,1.0,train
4K44_A_1,1.0,train
4FBN_A_1,1.0,train
5TNW_A_1,0.0,train
3KXS_A_1,1.0,train
4BMG_A_1,1.0,train
5WTW_A_1,1.0,train
6VZP_A_1,1.0,train
2QIJ_A_1,1.0,train
7PTD_A_1,0.0,train
2PTD_A_1,0.0,train
4PTD_A_1,0.0,train
3PTD_A_1,0.0,train
5PTD_A_1,0.0,train
6PTD_A_1,0.0,train
1CRW_G_1,0.0,validation
2LK4_A_1,1.0,train
3U3F_A_1,0.0,train
3GM1_A_1,0.0,train
4R32_A_1,0.0,train
4XEV_A_1,0.0,train
3G6L_A_1,0.0,train
4B8J_A_1,0.0,train
2YNS_A_1,0.0,train
4BPL_A_1,0.0,train
1X5N_A_1,1.0,train
1ZI1_A_1,1.0,train
1LZ0_A_1,1.0,train
6AJD_A_1,0.0,validation
4FQV_A_1,1.0,train
2KMV_A_1,1.0,train
4MQM_A_1,1.0,train
1DQZ_A_1,1.0,train
4QDX_A_1,1.0,train
5LS3_A_1,1.0,train
1WLP_B_1,1.0,train
7YXW_A_1,0.0,train
6E83_B_1,0.0,test
2DIT_A_1,1.0,train
6NSX_A_1,0.0,train
2D07_B_1,1.0,train
2IO0_B_1,1.0,train
4NPN_A_1,1.0,train
2AWT_A_1,1.0,train
2CKH_B_1,1.0,train
2MP2_A_1,1.0,train
2IO3_B_1,1.0,train
2N1W_A_1,1.0,train
3ZO5_B_1,1.0,train
3UIN_B_1,1.0,train
2IO1_B_1,1.0,train
2IYD_B_1,1.0,train
6NNQ_B_1,1.0,train
1WZ0_A_1,1.0,train
7R2E_C_1,1.0,train
2MP2_B_1,1.0,train
4BKG_A_1,1.0,train
1WM2_A_1,1.0,train
5ELU_B_1,1.0,train
1WM3_A_1,1.0,train
2RNR_B_1,1.0,train
1PFJ_A_1,1.0,train
7DTI_B_1,1.0,train
7BUL_A_1,1.0,train
1MNU_H_1,1.0,train
4E89_A_1,1.0,train
4B6V_A_1,1.0,train
1XU1_A_1,1.0,train
1U5X_A_1,1.0,train
1XBA_A_1,0.0,train
3L42_A_1,0.0,train
2X35_A_1,0.0,train
2CHE_A_1,1.0,train
2CHY_A_1,1.0,train
2W53_A_1,1.0,train
2PNS_A_1,0.0,validation
1GM1_A_1,1.0,train
4YC6_A_1,1.0,train
1X69_A_1,1.0,train
4MEL_A_1,1.0,train
1K5H_A_1,1.0,train
2DKQ_A_1,1.0,train
5ZFH_A_1,1.0,train
6GBD_A_1,1.0,train
5MGV_A_1,0.0,test
3O2B_A_1,0.0,train
2WA8_A_1,0.0,train
2W9R_A_1,0.0,train
3O2O_A_1,0.0,train
1JNX_X_1,0.0,train
3PXB_A_1,0.0,train
1T2U_A_1,0.0,train
3PXC_X_1,0.0,train
3PXA_A_1,0.0,train
1N5O_X_1,0.0,train
3PXD_A_1,0.0,train
2ING_X_1,0.0,train
1CDD_A_1,1.0,train
2GAR_A_1,1.0,train
4FLC_A_1,1.0,train
1HM0_A_1,1.0,train
1M7N_A_1,1.0,train
1P4O_A_1,1.0,train
5T3T_A_1,0.0,validation
6MB3_A_1,1.0,train
1BP5_A_1,0.0,test
1L1N_A_1,1.0,test
1NA8_A_1,0.0,train
1OM9_A_1,0.0,train
2DWX_A_1,0.0,train
2FMM_A_1,1.0,train
5T1G_A_1,0.0,train
1S4Z_A_1,1.0,train
4J4R_A_1,1.0,train
4PYI_A_1,1.0,train
3ZPE_A_1,0.0,validation
2EMS_A_1,0.0,train
1J19_A_1,0.0,train
2D2Q_A_1,1.0,train
2D10_A_1,1.0,train
2ZPY_A_1,1.0,train
2WG4_A_1,0.0,train
1VHH_A_1,0.0,train
2WFX_A_1,0.0,train
3N1R_A_1,0.0,train
3HO5_H_1,1.0,train
3M1N_A_1,1.0,train
3D1M_A_1,0.0,train
4G8K_A_1,0.0,validation
5T6P_A_1,1.0,train
3EDG_A_1,1.0,train
3RSM_A_1,1.0,train
2LGR_A_1,1.0,train
4J5Q_A_1,1.0,train
2EEE_A_1,1.0,train
6ER2_A_1,1.0,train
2GT1_A_1,0.0,validation
6MPP_A_1,1.0,train
5BRZ_A_1,0.0,train
6AT9_A_1,0.0,train
4NQX_A_1,0.0,train
1H6P_A_1,1.0,train
3BUA_A_1,1.0,train
3BU8_A_1,1.0,train
4M7C_A_1,1.0,train
4AR1_A_1,1.0,train
1IYS_A_1,0.0,train
1BZA_A_1,0.0,train
1WE4_A_1,0.0,train
2ZQ8_A_1,0.0,train
2XQZ_A_1,0.0,train
4B4P_A_1,1.0,train
1JH5_A_1,1.0,train
1KD7_A_1,1.0,train
4V46_A0_1,1.0,train
6FXN_A_1,1.0,train
4J1V_A_1,1.0,validation
1PI1_A_1,0.0,validation
5TWF_A_1,1.0,validation
1G2P_A_1,1.0,train
5IQP_A_1,1.0,train
4GND_A_1,1.0,train
1DQG_A_1,1.0,train
1DYW_A_1,1.0,train
3U0V_A_1,0.0,test
5GGT_A_1,1.0,train
7C88_C_1,1.0,train
5IUS_C_1,1.0,train
5JDR_A_1,1.0,train
5GRJ_A_1,1.0,train
5JDS_A_1,1.0,train
4ZQK_A_1,1.0,train
5XXY_A_1,1.0,train
3SBW_C_1,1.0,train
3FN3_A_1,1.0,train
6HB0_A_1,1.0,train
5X8L_A_1,1.0,train
5C3T_A_1,1.0,train
7VMC_A_1,1.0,train
1EFU_A_1,1.0,train
2CPT_A_1,1.0,train
4U7Y_A_1,1.0,train
2JQH_A_1,1.0,train
1WR0_A_1,1.0,train
3DVU_A_1,1.0,train
2ABO_A_1,1.0,train
1MV3_A_1,1.0,train
1MUZ_A_1,1.0,train
2DQX_A_1,1.0,train
1BYA_A_1,1.0,train
1UKO_A_1,1.0,train
3ULQ_A_1,1.0,train
3IJ2_A_1,1.0,train
1BTG_A_1,1.0,train
1BET_A_1,1.0,train
4NXP_A_1,1.0,train
4Z88_A_1,0.0,validation
1PA0_A_1,1.0,train
1PC9_A_1,1.0,train
2M0T_A_1,1.0,validation
5IOL_A_1,0.0,train
4QUC_A_1,1.0,train
1YDP_A_1,0.0,train
3KYN_A_1,0.0,train
2DYP_A_1,0.0,train
3KYO_A_1,0.0,train
5XMB_A_1,1.0,train
4HGQ_A_1,1.0,train
2KGG_A_1,1.0,train
1DI0_A_1,1.0,train
1KJT_A_1,1.0,train
7LSW_A_1,1.0,train
7AA8_C_1,1.0,train
1KOT_A_1,1.0,train
1GNU_A_1,1.0,train
6YOP_A_1,1.0,train
7LT6_A_1,1.0,train
6HYL_A_1,1.0,train
6HYN_A_1,1.0,train
6HB9_A_1,1.0,train
4XC2_A_1,1.0,train
5DPS_A_1,1.0,train
7PK5_A_1,1.0,validation
1PK5_A_1,0.0,train
6F8F_D_1,1.0,train
6I5P_A_1,0.0,train
6I7A_A_1,0.0,train
6I68_A_1,0.0,train
2CR2_A_1,1.0,train
3IVB_A_1,1.0,train
7LIQ_A_1,0.0,train
7LIO_A_1,0.0,train
7KLZ_A_1,0.0,train
3HQI_A_1,0.0,train
7KPI_A_1,1.0,train
3HQH_A_1,0.0,train
1K19_A_1,1.0,train
1K5W_A_1,1.0,train
5T0S_A_1,1.0,train
6TZ3_A_1,1.0,train
6U4U_A_1,1.0,train
6U4W_A_1,1.0,train
6U41_A_1,1.0,train
5VFF_A_1,1.0,train
5CCG_E_1,1.0,train
2R83_A_1,1.0,train
2N1T_E_1,1.0,train
5KJ7_E_1,1.0,train
6O5W_A_1,1.0,train
5SVI_A_1,1.0,train
4QQT_A_1,1.0,train
4QQJ_A_1,1.0,train
4TYE_A_1,1.0,train
5Z6Q_A_1,1.0,train
3VFD_A_1,1.0,train
2LB1_A_1,1.0,train
4RD9_A_1,0.0,train
2E61_A_1,1.0,train
6O22_D_1,1.0,train
7UNK_D_1,1.0,train
2IDC_A_1,0.0,train
5EII_G_1,0.0,train
5UEA_D_1,0.0,train
1ROC_A_1,0.0,train
8HGQ_A_1,0.0,validation
2JWP_A_1,1.0,train
7NSC_D_1,1.0,train
6CCT_A_1,0.0,train
7Q4Y_A_1,0.0,train
7Q50_A_1,1.0,train
6CCU_A_1,1.0,train
6MK6_A_1,0.0,train
2D0D_A_1,1.0,train
5VAU_A_1,1.0,train
1GJH_A_1,1.0,train
3T2B_A_1,1.0,train
2HQE_A_1,0.0,train
2O4X_A_1,0.0,train
6FC5_A_1,1.0,train
2P2C_A_1,1.0,train
4Z70_A_1,1.0,train
1WCF_A_1,1.0,train
2YVX_A_1,0.0,train
6EVI_A_1,1.0,train
2GLS_A_1,1.0,test
6MR4_A_1,0.0,train
3VYN_A_1,1.0,validation
5DU7_A_1,1.0,validation
3TX4_A_1,1.0,validation
7A11_A_1,1.0,validation
1H4L_A_1,0.0,train
5TDA_A_1,0.0,train
3NY2_A_1,0.0,train
1CWR_A_1,0.0,train
1CWT_A_1,0.0,train
2A2K_A_1,0.0,train
2UZQ_A_1,0.0,train
2IFV_A_1,0.0,train
1YMK_A_1,0.0,train
7W55_R_1,1.0,train
2CP5_A_1,1.0,train
2E3I_A_1,0.0,train
2CP7_A_1,0.0,train
6YJH_A_1,0.0,train
2VSP_A_1,0.0,train
3TMH_A_1,0.0,train
2EEJ_A_1,1.0,train
1XML_A_1,1.0,train
6B5L_L_1,1.0,train
6Z6Z_A_1,1.0,validation
3UTM_A_1,0.0,train
5JHQ_A_1,0.0,train
1DPT_A_1,0.0,train
7MW7_A_1,0.0,train
7MRV_A_1,1.0,train
2DJY_A_1,1.0,train
2KXQ_A_1,1.0,train
1E27_A_1,0.0,train
1E28_A_1,0.0,train
3W39_A_1,1.0,train
5N7N_A_1,1.0,train
2FP8_A_1,0.0,train
2E45_A_1,0.0,validation
3T7U_A_1,0.0,train
3NMX_A_1,0.0,train
3NMZ_A_1,0.0,train
3QHE_A_1,0.0,train
1JQQ_A_1,0.0,train
2V1R_A_1,0.0,train
1E1E_A_1,1.0,train
1HXJ_A_1,1.0,train
3VU7_H_1,1.0,train
2LSK_A_1,1.0,train
4GK0_E_1,1.0,train
2LSI_A_1,1.0,train
4EXT_A_1,1.0,train
2N1G_A_1,1.0,train
4BA9_A_1,1.0,train
2KYG_A_1,0.0,train
5XBY_A_1,0.0,train
4ZP3_A_1,0.0,train
1CZD_A_1,0.0,test
1UHC_A_1,1.0,train
2HAQ_A_1,0.0,train
6L2B_A_1,0.0,train
3BT8_A_1,0.0,train
1S7U_A_1,1.0,train
1FG2_A_1,1.0,train
1N3N_A_1,1.0,train
5WLG_A_1,1.0,train
4HV8_A_1,1.0,train
5OPI_A_1,1.0,train
7N5C_A_1,1.0,train
1N5A_A_1,1.0,train
1JUF_A_1,1.0,train
3BUY_A_1,1.0,train
1CE6_A_1,1.0,train
1BZ9_A_1,1.0,train
1FFN_A_1,1.0,train
1HOC_A_1,1.0,train
2CSS_A_1,1.0,train
1O1U_A_1,1.0,train
4JA3_A_1,1.0,train
4QIQ_A_1,1.0,train
6N3I_A_1,1.0,train
3DVH_A_1,0.0,train
1WCL_A_1,0.0,train
5LM9_A_1,1.0,train
5LM7_A_1,1.0,train
1FLK_A_1,0.0,train
1KZZ_A_1,0.0,train
4GHU_A_1,1.0,train
1RF3_A_1,0.0,train
5DL2_A_1,0.0,train
4QK3_A_1,1.0,train
4PRS_A_1,1.0,train
6GGP_A_1,1.0,train
3T7H_A_1,0.0,train
3WAP_A_1,1.0,train
2NCN_A_1,1.0,train
3VVW_B_1,1.0,train
1BB9_A_1,1.0,train
6P7P_A_1,0.0,validation
2ED1_A_1,1.0,train
2RQT_A_1,0.0,train
2EB7_A_1,0.0,train
3GFM_A_1,0.0,train
3GFJ_A_1,0.0,train
3GFL_A_1,0.0,train
6G3X_A_1,0.0,train
2LIE_A_1,0.0,train
3SOB_B_1,1.0,train
4NZV_A_1,1.0,train
3THN_A_1,1.0,train
2D0N_A_1,1.0,train
1UTI_A_1,1.0,train
1H3H_A_1,1.0,train
1OEB_A_1,0.0,train
1PTA_A_1,1.0,train
1RCH_A_1,1.0,train
1LAW_A_1,1.0,train
1RDB_A_1,1.0,train
1LAV_A_1,1.0,train
3AA4_A_1,1.0,train
1GOB_A_1,1.0,train
1KVC_A_1,1.0,train
1RDC_A_1,1.0,train
1RDA_A_1,1.0,train
1RBU_A_1,1.0,train
1RBV_A_1,1.0,train
3AA2_A_1,1.0,train
3AA5_X_1,1.0,train
3AA3_A_1,1.0,train
1KVA_A_1,1.0,train
1RBT_A_1,1.0,train
1KVB_A_1,1.0,train
1RBS_A_1,1.0,train
1RBR_A_1,1.0,train
1GOA_A_1,1.0,train
1B73_A_1,1.0,train
1I6C_A_1,1.0,train
1NMV_A_1,1.0,train
1AP0_A_1,1.0,train
3F2U_A_1,1.0,train
2MC4_A_1,1.0,train
1LMZ_A_1,1.0,train
1Z33_A_1,1.0,train
1D1Z_A_1,1.0,train
1JLY_A_1,1.0,train
5XFN_A_1,0.0,train
5U9K_A_1,1.0,test
5U9A_A_1,1.0,test
1BQT_A_1,1.0,train
8EYR_C_1,1.0,train
3LWE_A_1,1.0,train
3SJ8_A_1,1.0,test
3SJ9_A_1,1.0,test
5J4I_A_1,0.0,train
3LRB_A_1,0.0,train
1LN8_A_1,0.0,train
3GCI_A_1,0.0,train
6AR0_A_1,1.0,train
4NTZ_A_1,1.0,train
4PK9_A_1,0.0,validation
6B26_A_1,0.0,train
6B28_A_1,0.0,train
4F0I_A_1,1.0,train
4GT5_A_1,1.0,train
7VKM_A_1,1.0,train
2LV9_A_1,1.0,train
3KQG_A_1,0.0,validation
3P7F_A_1,0.0,validation
3C22_A_1,0.0,validation
7WZ8_A_1,0.0,validation
1OM2_A_1,1.0,train
1INL_A_1,0.0,train
6VGK_A_1,0.0,train
2L5F_A_1,1.0,train
1ZR7_A_1,0.0,train
4X08_A_1,1.0,train
1LB5_A_1,0.0,train
5ZUJ_A_1,0.0,train
1LB4_A_1,0.0,train
4Z8M_A_1,0.0,train
2LOX_A_1,1.0,train
1X9E_A_1,0.0,validation
7FB9_A_1,0.0,train
2ZKY_A_1,0.0,train
1HL5_A_1,0.0,train
1HL4_A_1,0.0,train
2ZKW_A_1,0.0,train
2NAM_A_1,1.0,train
1UXL_A_1,0.0,train
1UXM_A_1,0.0,train
3GZQ_A_1,0.0,train
3ECW_A_1,1.0,train
1OEZ_W_1,0.0,train
3H2Q_A_1,1.0,train
5K02_A_1,0.0,train
2VR6_A_1,0.0,train
1AZV_A_1,0.0,train
2VR7_A_1,0.0,train
4MCM_A_1,0.0,train
6GN0_A_1,0.0,train
2BQ0_A_1,0.0,train
3ZFY_A_1,1.0,validation
6R8F_K_1,1.0,train
4NFB_A_1,1.0,train
4YNA_A_1,0.0,train
4ZHU_A_1,0.0,train
4YN9_A_1,0.0,train
1A0S_P_1,0.0,train
1A6Q_A_1,1.0,train
4RA2_A_1,1.0,train
3FXJ_A_1,1.0,train
4RAG_A_1,0.0,train
4RAF_A_1,1.0,train
1NZO_A_1,0.0,validation
1HD8_A_1,1.0,validation
5C7J_A_1,0.0,validation
1GVJ_A_1,0.0,train
4L0Y_B_1,1.0,train
3WTS_C_1,1.0,train
1MD0_A_1,0.0,train
3MFK_A_1,1.0,train
3RI4_A_1,0.0,train
1MDM_B_1,1.0,train
3WTX_C_1,1.0,train
1R36_A_1,1.0,train
3WTY_C_1,1.0,train
3UIJ_A_1,0.0,train
1NGZ_B_1,1.0,train
2N7A_A_1,1.0,train
6Y1K_L_1,1.0,train
5TJD_L_1,1.0,train
2XLB_A_1,0.0,test
2EH7_L_1,0.0,train
1LTU_A_1,1.0,train
4Q3X_A_1,1.0,train
4Q3Z_A_1,1.0,train
4Q3Y_A_1,1.0,train
4ESM_A_1,1.0,train
4ETL_A_1,1.0,train
6AXG_B_1,1.0,train
4YXL_A_1,1.0,train
1B10_A_1,1.0,train
2YTW_A_1,1.0,train
2OFN_A_1,1.0,train
5YQ4_A_1,1.0,train
1SVJ_A_1,1.0,train
6K3M_A_1,0.0,train
6K6A_A_1,0.0,train
2JP7_A_1,1.0,train
3L8I_A_1,0.0,train
4GEH_A_1,0.0,train
3L8J_A_1,0.0,train
5XW4_A_1,1.0,train
3TTL_A_1,1.0,train
1L2L_A_1,1.0,train
4F1Z_A_1,0.0,test
5CRU_A_1,0.0,test
1EXT_A_1,0.0,test
1TNR_R_1,0.0,test
2KRG_A_1,1.0,validation
2KJD_A_1,1.0,validation
6RQR_A_1,1.0,validation
6JK2_A_1,1.0,train
2DFI_A_1,0.0,validation
1VHI_A_1,0.0,validation
1B3T_A_1,0.0,validation
5WMF_A_1,0.0,validation
7OXK_A_1,1.0,train
4YHR_A_1,1.0,test
1PLQ_A_1,1.0,test
5ZUT_A_1,1.0,test
6CX3_A_1,1.0,test
6CX4_A_1,1.0,test
3F1W_A_1,1.0,test
6CX2_A_1,1.0,test
6D0R_A_1,1.0,test
6D0Q_A_1,1.0,test
3V60_B_1,1.0,test
5V7M_A_1,1.0,test
3GPM_A_1,1.0,test
5T9D_A_1,1.0,test
5V7K_A_1,1.0,test
5V7L_A_1,1.0,test
4L60_A_1,1.0,test
6W9W_A_1,1.0,test
6WAC_A_1,1.0,test
3G5X_A_1,1.0,train
3P9W_A_1,1.0,test
6T9D_CCC_1,1.0,test
3V2A_A_1,0.0,test
1BJ1_V_1,1.0,test
5FV1_V_1,1.0,test
1FLT_V_1,1.0,test
2QR0_C_1,1.0,test
3S1B_V_1,1.0,test
1CZ8_V_1,1.0,test
1MH6_A_1,0.0,validation
1JZU_A_1,1.0,train
2OD1_A_1,0.0,train
4BTA_A_1,1.0,train
4BT8_A_1,1.0,train
3UI2_A_1,1.0,train
3DEO_A_1,1.0,train
1X3Q_A_1,1.0,train
2FUI_A_1,0.0,train
2PSF_A_1,1.0,train
1N3H_A_1,1.0,train
1Z3K_A_1,1.0,train
7N9F_o_1,0.0,train
4DS1_A_1,0.0,train
3H60_A_1,0.0,validation
5J34_A_1,0.0,validation
3E6U_A_1,0.0,validation
7VCE_A_1,0.0,train
4BWS_C_1,1.0,validation
1SYX_B_1,1.0,validation
1GYF_A_1,0.0,validation
4ROF_A_1,1.0,train
1YIU_A_1,1.0,train
5CQ2_A_1,1.0,train
3EES_A_1,0.0,validation
7DE0_A_1,0.0,validation
6OXJ_A_1,1.0,validation
6WMG_A_1,1.0,train
4DXT_A_1,1.0,train
3UNP_A_1,1.0,train
6WMF_A_1,0.0,train
2XI5_A_1,1.0,train
2ZTX_A_1,1.0,test
3ZYE_A_1,1.0,test
3ZZ3_A_1,1.0,test
2ZU1_A_1,1.0,test
1QU5_A_1,1.0,train
1DMZ_A_1,1.0,train
2D9U_A_1,1.0,train
3WYI_A_1,1.0,train
3Q90_A_1,0.0,train
7SUO_A_1,0.0,train
4IIA_A_1,1.0,train
1QQG_A_1,1.0,test
2QBW_A_1,1.0,train
6Q0N_A_1,1.0,train
1N7T_A_1,1.0,train
3CH8_A_1,1.0,train
1OW1_A_1,1.0,train
4YG7_D_1,0.0,train
5K98_A_1,1.0,train
2WIU_A_1,1.0,train
3TPB_A_1,0.0,train
3TPD_A_1,0.0,train
4OZ0_A_1,1.0,train
2LQ5_A_1,1.0,train
4J5O_A_1,1.0,train
4RU2_A_1,1.0,train
1D5B_B_1,1.0,train
3O6K_L_1,1.0,train
4G3Y_C_1,1.0,train
5YOY_A_1,1.0,train
6RMJ_A_1,1.0,train
1A8M_A_1,1.0,train
3L9J_T_1,1.0,train
1TNF_A_1,1.0,train
3P16_A_1,1.0,validation
4TR7_A_1,1.0,validation
3RB9_A_1,1.0,validation
2W84_A_1,1.0,train
4BXU_A_1,1.0,train
6H7A_A_1,0.0,train
2D4U_A_1,0.0,validation
2WLW_A_1,1.0,train
4X1O_A_1,0.0,test
5BW5_A_1,0.0,test
5CF3_A_1,1.0,train
2HDV_A_1,0.0,validation
5G13_A_1,1.0,train
2HLE_A_1,1.0,train
3MQP_A_1,0.0,validation
2VM6_A_1,0.0,validation
5UUK_A_1,0.0,validation
4RIR_A_1,1.0,train
1O0P_A_1,0.0,train
2M52_A_1,1.0,train
2JMI_A_1,1.0,train
1ANT_I_1,1.0,train
5K7M_A_1,1.0,train
2PCD_M_1,0.0,train
1ZXF_A_1,1.0,train
1NHA_A_1,1.0,train
1I27_A_1,1.0,train
2YRO_A_1,0.0,validation
2ETX_A_1,0.0,train
2ADO_A_1,0.0,train
3PID_A_1,1.0,train
3PHL_A_1,1.0,train
1YXR_A_1,1.0,train
2JQ9_A_1,1.0,train
1NE9_A_1,1.0,train
1XF8_A_1,1.0,train
1XE4_A_1,1.0,train
1DBA_H_1,1.0,train
2EQB_A_1,1.0,validation
1XSA_A_1,1.0,train
3BQO_A_1,1.0,train
5XUP_A_1,0.0,train
5WIR_A_1,0.0,train
1H6O_A_1,1.0,train
3URY_A_1,0.0,validation
2LN0_A_1,1.0,train
4LJN_A_1,1.0,train
2W46_A_1,0.0,validation
4D2O_A_1,0.0,train
6DGU_A_1,0.0,train
1A0N_B_1,1.0,train
1AZG_B_1,0.0,train
4ZNX_A_1,1.0,train
1SHF_A_1,1.0,train
7A2J_A_1,1.0,train
1FYN_A_1,0.0,train
1AVZ_C_1,0.0,train
1G83_A_1,1.0,train
3VA2_C_1,1.0,train
1MM2_A_1,1.0,train
4AZN_A_1,1.0,train
4AZO_A_1,0.0,train
1VSM_A_1,1.0,train
1VSK_A_1,1.0,train
4FW2_A_1,1.0,train
3SJK_A_1,0.0,test
2NQO_A_1,1.0,train
4X1L_A_1,1.0,train
4X25_A_1,1.0,train
4X1M_A_1,1.0,train
3F2O_A_1,0.0,train
2Y9F_A_1,0.0,train
2WIA_A_1,0.0,test
1TFU_A_1,1.0,test
4R0N_A_1,1.0,test
3KV9_A_1,0.0,validation
1WHV_A_1,0.0,validation
6BGH_A_1,1.0,train
7JMY_A_1,1.0,train
5HKL_A_1,1.0,train
5Z67_A_1,1.0,train
2I7U_A_1,1.0,test
5UQS_A_1,1.0,train
1T3A_A_1,0.0,train
4LZ6_A_1,0.0,validation
5C6N_A_1,0.0,validation
5TGW_A_1,1.0,train
2O9P_A_1,0.0,train
6X88_A_1,1.0,train
2LT5_A_1,1.0,train
1MF2_H_1,0.0,train
2PEK_A_1,0.0,validation
3D5V_A_1,0.0,validation
3D5U_A_1,0.0,validation
1KS9_A_1,0.0,validation
1OPF_A_1,0.0,train
1BT9_A_1,0.0,train
7FDY_A_1,0.0,train
7FF7_A_1,0.0,train
1HXU_A_1,0.0,train
4B9X_A_1,1.0,train
2F1Z_A_1,1.0,train
4JJQ_A_1,0.0,train
4KG9_A_1,1.0,train
1YY6_A_1,0.0,train
2F1W_A_1,0.0,train
2F1X_A_1,0.0,train
1A33_A_1,0.0,train
1MC7_A_1,1.0,train
7MXL_C_1,0.0,train
1B6F_A_1,1.0,train
1BTV_A_1,1.0,train
4BK6_A_1,0.0,train
1NGY_B_1,1.0,train
7PCV_A_1,1.0,train
5KEV_A_1,1.0,train
6E8H_A_1,0.0,validation
1CTX_A_1,1.0,test
3RNZ_A_1,0.0,train
1AUG_A_1,0.0,train
2K1Z_A_1,1.0,validation
6JUE_L_1,0.0,validation
1NH7_A_1,1.0,train
2QHR_H_1,1.0,train
6LRA_L_1,1.0,train
2E3C_A_1,1.0,train
1KMZ_A_1,0.0,validation
3KUP_A_1,0.0,train
3FNS_A_1,1.0,validation
5HFR_A_1,0.0,validation
2E7N_A_1,1.0,validation
1ULO_A_1,1.0,train
7QCS_A_1,1.0,train
1VA8_A_1,1.0,train
4WSI_A_1,0.0,train
7M4R_A_1,1.0,train
4HRG_A_1,1.0,train
4HRH_A_1,1.0,train
4HRE_E_1,1.0,train
1A4P_A_1,1.0,train
4DRW_A_1,1.0,train
1A98_A_1,1.0,train
6CY9_A_1,1.0,train
1L9V_A_1,1.0,train
7PKO_A_1,1.0,train
6AUK_A_1,1.0,train
2R7J_A_1,1.0,train
4G0J_A_1,1.0,train
5GS8_A_1,0.0,validation
3IR2_A_1,0.0,train
2KEM_A_1,1.0,train
6BWY_A_1,1.0,train
3V4K_A_1,0.0,train
2JYW_A_1,1.0,train
4NNK_A_1,0.0,train
4NNG_A_1,0.0,train
3UTK_A_1,0.0,validation
6KKG_A_1,0.0,train
4LHX_A_1,0.0,validation
2FU5_C_1,1.0,validation
3QRV_A_1,1.0,validation
2KE0_A_1,1.0,train
1DHP_A_1,0.0,train
1S5V_A_1,0.0,train
1S5T_A_1,0.0,train
1S5W_A_1,0.0,train
2A6N_A_1,0.0,train
2A6L_A_1,0.0,train
3RT2_A_1,1.0,validation
3RT0_C_1,0.0,validation
6DF0_H_1,0.0,train
2BRF_A_1,0.0,train
3H2X_A_1,0.0,train
3BRH_A_1,0.0,train
2QCJ_A_1,0.0,train
5U7Q_A_1,0.0,train
1PKL_A_1,1.0,validation
1EO6_A_1,1.0,train
4CO7_A_1,1.0,train
2HV6_A_1,0.0,train
2IXM_A_1,0.0,train
6NN6_K_1,1.0,train
1YX5_B_1,1.0,train
7LYC_K_1,1.0,train
5CVM_B_1,1.0,train
5UDH_E_1,1.0,train
2K6D_B_1,1.0,train
5LN1_U_1,1.0,train
6QF8_A_1,1.0,train
3J7O_m_1,1.0,train
7K5I_f_1,1.0,train
1CMX_B_1,1.0,train
4AP4_C_1,0.0,train
2MBB_B_1,0.0,train
6JKY_C_1,0.0,train
1AAR_A_1,1.0,train
3JVZ_X_1,1.0,train
2LD9_A_1,0.0,train
3DVG_X_1,1.0,train
2KHW_B_1,1.0,train
6KFP_D_1,1.0,train
5VYC_f1_1,1.0,train
6UPU_B_1,0.0,train
3J7P_Sf_1,1.0,train
4NQK_E_1,1.0,train
7E8I_L_1,1.0,train
3VDZ_A_1,1.0,train
3K9O_B_1,1.0,train
4WHV_A_1,1.0,train
2OJR_A_1,1.0,train
4LCD_E_1,1.0,train
5OE7_B_1,1.0,train
5O44_B_1,1.0,train
3WXE_B_1,1.0,train
2Y5B_B_1,1.0,train
7TV4_C_1,1.0,train
5DK8_A_1,0.0,train
4KSL_C_1,1.0,train
6KBE_G_1,1.0,train
4ZQS_A_1,1.0,train
2ZVN_A_1,1.0,train
6N5M_A_1,1.0,train
3U30_A_1,1.0,train
5YDR_A_1,1.0,train
3LDZ_E_1,1.0,train
6A43_A_1,1.0,train
6A42_A_1,1.0,train
6A44_A_1,1.0,train
3Q3F_A_1,1.0,train
5H07_A_1,1.0,train
2MSG_A_1,1.0,train
5B83_A_1,1.0,train
5ZBI_A_1,1.0,train
1Q1J_H_1,0.0,train
3GHB_H_1,0.0,train
6HQ2_A_1,0.0,validation
4FH8_A_1,0.0,validation
5JDB_A_1,0.0,test
4J2L_A_1,1.0,test
1OA8_A_1,1.0,test
5YAY_A_1,0.0,train
2MOX_A_1,1.0,train
2DL3_A_1,1.0,train
4DGV_H_1,1.0,train
1BVN_P_1,0.0,test
6GFL_A_1,1.0,validation
3QRX_A_1,1.0,train
5YB9_A_1,0.0,train