Non-standard Amino Acid Name,Non-standard AA Code,Similar Standard Amino Acid,Standard AA Code
O-thiophosphono-L-serine,2RX,Serine,SER
5-HYDROXYLYSINE,LYZ,Lysine,LYS
2-AMINO-HEPTANOIC ACID,AHP,Lysine,LYS
N-[N-[(4S)-4-azanyl-5-hydroxy-5-oxo-pentyl]carbamimidoyl]ethanamide,0AR,Arginine,ARG
N-(2-NAPHTHYL)HISTIDINAMIDE,HBN,Histidine,HIS
S-OXYMETHIONINE,MHO,Methionine,MET
"N,O-dimethyl-L-threonine",OTH,Threonine,THR
METHIONINE SULFOXIDE,SME,Methionine,MET
(3S)-3-AMINOBUTANOIC ACID,B3A,Alanine,ALA
3-[(4-AMINOBUTYL)SULFINYL]-2-IMINOPROPAN-1-OL,BBC,Proline,PRO
"3-(5-nitro-2,4-dioxo-3,4-dihydropyrimidin-1(2H)-yl)-L-alanine",NWD,Alanine,ALA
"3,5-difluoro-L-phenylalanine",WFP,Alanine,ALA
SELENOMETHIONINE,MSE,Methionine,MET
N1-PHOSPHONOHISTIDINE,NEP,Histidine,HIS
"(2E,4R)-2-{[(5S)-5-amino-5-carboxypentyl]imino}-4-hydroxyheptanedioic acid",VPV,Lysine,LYS
4R-FLUORO-N6-ETHANIMIDOYL-L-LYSINE,I58,Lysine,LYS
N-METHYL METHIONINE,MME,Methionine,MET
"S,S-(2-HYDROXYETHYL)THIOCYSTEINE",CME,Cysteine,CYS
L-histidinal,HSV,Histidine,HIS
ARGININEAMIDE,AAR,Arginine,ARG
N1-METHYLATED HISTIDINE,MHS,Methionine,MET
N~6~-benzyl-L-lysine,FQA,Lysine,LYS
(2S)-2-amino-6-[(1-hydroxy-1-oxo-propan-2-ylidene)amino]hexanoic acid,KPI,Proline,PRO
N-METHYL-LYSINE,MLZ,Methionine,MET
(2~{S})-2-azanyl-3-(4-azidophenyl)propanoic acid,4II,Phenylalanine,PHE
N-methylidene-L-threonine,NZC,Threonine,THR
N-ACETYL-N-HYDROXY-L-ORNITHINE,AHO,Ornithine,ORN
"N3, N4-DIMETHYLARGININE",2MR,Methionine,MET
N~2~-sulfamoyl-L-arginine,0X9,Arginine,ARG
"META, META'-DI-HYDROXY-PHENYLALANINE",MDF,Alanine,ALA
ALPHA-METHYL-O-PHOSPHOTYROSINE,PTM,Methionine,MET
"NG,NG-DIMETHYL-L-ARGININE",DA2,Methionine,MET
4-FLUORO-L-PHENYLALANINE,PFF,Alanine,ALA
NORLEUCINE,NLE,Leucine,LEU
"2,6-DIAMINOPIMELIC ACID",API,Lysine,LYS
SARCOSINE,SAR,Glysin,GLY
(2Z)-2-amino-4-methoxy-3-sulfanylbut-2-enoic acid,BB7,Methionine,MET
S-NITROSO-CYSTEINE,SNC,Cysteine,CYS
CARBOXYMETHYLATED CYSTEINE,CCS,Cysteine,CYS
CYSTEINE-S-SULFONIC ACID,CSU,Cysteine,CYS
3-methyl-L-valine,TBG,Valine,VAL
(2Z)-2-amino-3-sulfanylbut-2-enoic acid,BB6,Valine,VAL
5-METHYL-ARGININE,AGM,Methionine,MET
methyl L-serinate,5R5,Serine,SER
S-[(R)-carboxy(hydroxy)methyl]-L-cysteine,CGV,Cysteine,CYS
(2~{S})-2-azanyl-6-benzamido-hexanoic acid,LBZ,Lysine,LYS
(2S)-2-amino-6-[[3-hydroxy-2-methyl-5-(phosphonooxymethyl)pyridin-4-yl]methylideneamino]hexanoic acid,LLP,Methionine,MET
Methyl phosphonated L-Arginine,M3R,Methionine,MET
(4-carboxyphenyl)(L-cysteinato-kappaS~3~)mercury,31Q,Cysteine,CYS
S-ADENOSYL-L-HOMOCYSTEINE,SAH,Cysteine,CYS
1-ACETYL-L-PROLINE,N7P,Proline,PRO
META-NITRO-TYROSINE,NIY,Methionine,MET
"2,3,4,5,6-PENTAFLUORO-L-PHENYLALANINE",PF5,Alanine,ALA
"2-{[(2R)-2-amino-2-carboxyethyl]sulfanyl}-N,N,N-trimethylethanaminium",ML3,Methionine,MET
(E)-N~6~-(1-carboxy-3-oxobutylidene)-L-lysine,74P,Lysine,LYS
O-[(2S)-2-{methyl[(methylamino)sulfonyl]amino}pentanoyl]-L-serine,BG1,Serine,SER
GAMMA-CARBOXY-GLUTAMIC ACID,CGU,Glutamic Acid,GLU
O-[(R)-ETHOXY(METHYL)PHOSPHORYL]-L-SERINE,SVX,Serine,SER
CE1-METHYLENE-HYDROXY-PHOSPHOTYROSINE,PTH,Methionine,MET
1-ethenyl-L-proline,N80,Proline,PRO
N~6~-(trifluoroacetyl)-L-lysine,FAK,Lysine,LYS
PARA-(BENZOYL)-PHENYLALANINE,PBF,Alanine,ALA
DEOXY-DIFLUOROMETHELENE-PHOSPHOTYROSINE,FTY,Methionine,MET
L-THIALYSINE,SLZ,Lysine,LYS
N-OMEGA-HYDROXY-L-ARGININE,HAR,Arginine,ARG
N-ACETYL-L-GLUTAMYL 5-PHOSPHATE,X2W,Glutamic Acid,GLU
3-IODO-TYROSINE,IYR,Tyrosine,TYR
SERINE VANADATE,SVA,Serine,SER
4-SULFOMETHYL-L-PHENYLALANINE,SMF,Alanine,ALA
phospho-arginine,RPI,Arginine,ARG
FLUOROTRYPTOPHANE,FTR,Tryptophan,TRP
"(2S)-2-AMINO-4-[(2R,3R)-2,3-DIHYDROXY-3-N-HYDROXYCARBAMOYL-PROPYLMERCAPTO]BUTYRIC ACID",HYI,Tyrosine,TYR
"2,6-DIAMINO-HEXANOIC ACID AMIDE",LYN,Lysine,LYS
1-thiophosphono-L-histidine,PSH,Histidine,HIS
N-6-crotonyl-L-lysine,KCR,Lysine,LYS
S-OXY CYSTEINE,CSX,Cysteine,CYS
(2Z)-2-amino-3-sulfanylprop-2-enoic acid,BB9,Proline,PRO
O-METHYLCYSTEINE,CMT,Cysteine,CYS
3-AMINOPENTANEDIOIC ACID,B3D,Glutamic Acid,GLU
3-(ethyldisulfanyl)-L-alanine,SCS,Alanine,ALA
L-ornithine,ORN,Ornithine,ORN
N6-{[(3-azidophenyl)methoxy]carbonyl}-L-lysine,9TR,Methionine,MET
S-[(1S)-1-carboxy-1-(phosphonooxy)ethyl]-L-cysteine,QPA,Cysteine,CYS
N5-METHYLGLUTAMINE,MEQ,Glutamic Acid,GLU
ASPARTATE BERYLLIUM TRIFLUORIDE,BFD,Aspartic Acid,ASP
S-METHYL-THIO-CYSTEINE,SCH,Cysteine,CYS
(betaR)-beta-hydroxy-1-[(3R)-3-hydroxy-2-methylbutan-2-yl]-L-tryptophan,WRP,Methionine,MET
(3S)-3-AMINO-4-(1H-INDOL-3-YL)BUTANOIC ACID,HT7,Tryptophan,TRP
4-METHYL-HISTIDINE,HIC,Methionine,MET
AMINOSERINE,SET,Serine,SER
"(Z)-N~6~-[(4R,5S)-5-(2-CARBOXYETHYL)-4-(CARBOXYMETHYL)PIPERIDIN-3-YLIDENE]-L-LYSINE",CYJ,Methionine,MET
4-[(2S)-2-amino-3-hydroxypropyl]phenol,TYE,Phenylalanine,PHE
N~6~-[(2R)-2-CARBOXY-5-OXOTETRAHYDROFURAN-2-YL]-L-LYSINE,KGC,Lysine,LYS
ALPHA-PHOSPHONO-TRYPTOPHAN,PAT,Tryptophan,TRP
L-HISTIDINE AMIDE,HIA,Histidine,HIS
L-HOMOARGININE,HRG,Arginine,ARG
"2-AMINO-1,3-PROPANEDIOL",SEL,Proline,PRO
O-SULFO-L-SERINE,OSE,Serine,SER
FLUOROMALONYL TYROSINE,FLT,Tyrosine,TYR
N-FORMYLMETHIONINE,FME,Methionine,MET
L-HOMOSERINE,HSE,Serine,SER
"N~6~,N~6~-diethyl-L-lysine",ELY,Lysine,LYS
N-METHYLCARBONYLTHREONINE,THC,Threonine,THR
ALLO-THREONINE,ALO,Threonine,THR
4-AMIDO-4-CARBAMOYL-BUTYRIC ACID,GMA,Tyrosine,TYR
"(3S,5R)-5-[(2R,3R)-1,3-dihydroxybutan-2-yl]-3-({(3R)-1-[(1E)-ethanimidoyl]pyrrolidin-3-yl}sulfanyl)-L-proline",E0Y,Proline,PRO
O-[(S)-HYDROXY(METHYL)PHOSPHORYL]-L-SERINE,SBG,Serine,SER
4-(carboxymethyl)-L-phenylalanine,1PA,Alanine,ALA
"(2S,3R)-2-amino-3-hydroxy-4-methylpentanoic acid",HL2,Methionine,MET
CITRULLINE,CIR,Lysine,LYS
N(6)-ACETYLLYSINE,ALY,Lysine,LYS
3-[2-(4-bromophenyl)-2-oxoethyl]-L-histidine,OLD,Phenylalanine,PHE
S-DIMETHYLARSINOYL-CYSTEINE,CAF,Cysteine,CYS
"(2S)-2-aminopropane-1,1-diol",ALV,Proline,PRO
O-PHOSPHOTYROSINE,PTR,Tyrosine,TYR
"3,4-dichloro-L-phenylalanine",ZCL,Alanine,ALA
N-acetyl-L-leucine,LAY,Leucine,LEU
L-alpha-asparagine,XSN,Aspartic Acid,ASP
N-ACETYLMETHIONINE,AME,Methionine,MET
S-[(2-aminophenyl)carbonyl]-L-cysteine,CSJ,Cysteine,CYS
O-ACETYLSERINE,OAS,Serine,SER
(3S)-3-(propan-2-yloxy)-L-proline,3PX,Proline,PRO
4-BROMO-L-PHENYLALANINE,4BF,Alanine,ALA
S-(METHYLMERCURY)-L-CYSTEINE,CMH,Cysteine,CYS
N~6~-acetyl-N-(4-methyl-2-oxo-2H-chromen-7-yl)-L-lysinamide,FDL,Methionine,MET
S-[(2-phenylethyl)carbamothioyl]-L-cysteine,6M6,Cysteine,CYS
N-METHYL ASPARAGINE,MEN,Aspartic Acid,ASP
1-AMINOCYCLOPROPANECARBOXYLIC ACID,1AC,Proline,PRO
ALPHA-AMINOISOBUTYRIC ACID,AIB,Tyrosine,TYR
O-[methyl(2-methylpropoxy)phosphoryl]-L-serine,RVX,Serine,SER
(3S)-3-hydroxy-L-aspartic acid,BHD,Aspartic Acid,ASP
(4R)-5-hydroxy-N-methyl-L-leucine,WLU,Leucine,LEU
ND1-PHOSPHONOHISTIDINE,HIP,Histidine,HIS
3-[(2-aminoethyl)disulfanyl]-L-alanine,0QL,Alanine,ALA
"(4R)-4-({[(3,4-dimethoxyphenyl)carbonyl]amino}oxy)-L-proline",ZYK,Methionine,MET
Homocitrulline,YHA,Lysine,LYS
(betaR)-3-chloro-beta-hydroxy-L-tyrosine,OMY,Tyrosine,TYR
6-Sulfanyl-L-norleucine,QM8,Leucine,LEU
1-[(R)-hydroxy(methyl)phosphoryl]-L-proline,LWY,Methionine,MET
"CYSTEINE-METHYLENE-CARBAMOYL-1,10-PHENANTHROLINE",NPH,Threonine,THR
N~6~-sulfo-L-lysine,4AK,Lysine,LYS
2-AMINO-3-PENTASULFANYLPROPAN-1-OL,TQZ,Proline,PRO
(E)-N~6~-[3-CARBOXY-1-(HYDROXYMETHYL)PROPYLIDENE]-L-LYSINE,FHL,Methionine,MET
3-(8-phenyloctyl)-L-histidine,56A,Phenylalanine,PHE
6-CHLORO-L-TRYPTOPHAN,6CW,Tryptophan,TRP
1-[(furan-2-ylmethyl)carbamothioyl]-L-proline,4N8,Methionine,MET
MONOISOPROPYLPHOSPHORYLSERINE,MIS,Serine,SER
2-AMINO-3-(4-PHOSPHONOMETHYL-PHENYL)-PROPIONIC ACID,PM3,Methionine,MET
N-[(3-hydroxypyridin-2-yl)carbonyl]glycine,MD6,Glycine,GLY
3-SULFINOALANINE,CSD,Alanine,ALA
S-HYDROXYCYSTEINE,CSO,Cysteine,CYS
N-methyl-L-alanine,MAA,Alanine,ALA
"2,4-DIAMINOBUTYRIC ACID",DAB,Tyrosine,TYR
L-PHENYLALANINOL,PHL,Alanine,ALA
"(S)-2-AMINO-3-(4-HYDROXY-3-OXOCYCLOHEXA-1,4-DIENYL)PROPANOIC ACID",DPQ,Proline,PRO
(3S)-3-AMINOHEXANEDIOIC ACID,B3E,Lysine,LYS
S-(DIMETHYLARSENIC)CYSTEINE,CAS,Cysteine,CYS
"S-[5-(2-aminoethyl)-2,3-dihydroxyphenyl]-L-cysteine",DYS,Cysteine,CYS
4-amino-L-phenylalanine,HOX,Alanine,ALA
N-CARBOXY-L-PHENYLALANINE,FC0,Alanine,ALA
"(2~{S})-5-[4-(aminomethyl)-1,2,3-triazol-1-yl]-2-azanyl-pentanoic acid",5MW,Methionine,MET
4-Borono-L-phenylalanine,7N8,Alanine,ALA
3-hydroxy-2-iminopropanoic acid,MH6,Proline,PRO
(2S)-2-azanyl-6-[(4-hydroxy-4-oxo-butanoyl)amino]hexanoic acid,SLL,Lysine,LYS
N-METHYLLEUCINE,MLE,Leucine,LEU
NITROCEFIN ACYL-SERINE,NC1,Serine,SER
PHOSPHOSERINE,SEP,Serine,SER
LYSINE NZ-CARBOXYLIC ACID,KCX,Lysine,LYS
"(3S)-3-amino-4,4-dihydroxybutanoic acid",AKZ,Glutamic Acid,GLU
4-methyl-L-phenylalanine,4PH,Alanine,ALA
"5-(2-CARBOXY-2-AMINOETHYL)-2-HYDROXY-1,4-BENZOQUINONE",TPQ,Alanine,ALA
N-METHYLPHENYLALANINE,MEA,Alanine,ALA
5'-{[(3S)-3-amino-3-carboxypropyl](ethyl)amino}-5'-deoxyadenosine,AN6,Proline,PRO
BETA-(2-NAPHTHYL)-ALANINE,NAL,Alanine,ALA
4-CHLORO-L-PHENYLALANINE,200,Alanine,ALA
N-METHYLVALINE,MVA,Valine,VAL
"(2S,3aS,6R,7aS)-6-(sulfooxy)octahydro-1H-indole-2-carboxylic acid",XPR,Not Found,UNK
"(2S)-2-amino-7,7-dimethyloctanoic acid",4WQ,Methionine,MET
"(2~{R})-2-azanyl-3-[3,3,3-tris(fluoranyl)-2,2-bis(oxidanyl)propyl]sulfanyl-propanoic acid",K5H,Proline,PRO
ARGINAL,RGL,Arginine,ARG
CYSTEINESULFONIC ACID,OCS,Cysteine,CYS
BETA(2-THIENYL)ALANINE,TIH,Alanine,ALA
PHOSPHOTHREONINE,TPO,Threonine,THR
NORVALINE,NVA,Valine,VAL
"(2S,3R)-2-amino-3,5-dimethylhex-4-enoic acid",WVL,Methionine,MET
(2~{S})-2-azanyl-3-(2-methylsulfanyl-1~{H}-indol-3-yl)propanal,Q2E,Methionine,MET
O-[(2E)-3-AMINOPROP-2-ENOYL]-L-SERINE,1X6,Serine,SER
N-TRIMETHYLLYSINE,M3L,Methionine,MET
2-AMINO-ACRYLIC ACID,DHA,Alanine,ALA
N~6~-(2-phenylethyl)-N~6~-propan-2-yl-L-lysine,Y57,Phenylalanine,PHE
trihydroxy(L-serinato-kappaO~3~)borate(1-),SEE,Serine,SER
L-3-AMINOSUCCINIMIDE,SNN,Not Found,UNK
S-ACETYL-CYSTEINE,SCY,Cysteine,CYS
METHYL L-LEUCINATE,MLL,Leucine,LEU
S-METHYLCYSTEINE,SMC,Cysteine,CYS
O-[(S)-METHYL(1-METHYLETHOXY)PHOSPHORYL]-L-SERINE,SGB,Serine,SER
O-[(S)-hydroxy(methoxy)phosphoryl]-L-serine,OMH,Serine,SER
URIDINE-5'-DIPHOSPHATE-N-ACETYLMURAMOYL-L-ALANINE,UMA,Alanine,ALA
S-PHOSPHOCYSTEINE,CSP,Cysteine,CYS
"(2S,3aS,6R,7aS)-6-hydroxyoctahydro-1H-indole-2-carboxylic acid",PRJ,Not Found,UNK
3-AMINO-ALANINE,DNP,Alanine,ALA
(2S)-2-{[(2R)-2-amino-2-carboxyethyl]sulfanyl}butanedioic acid,CML,Not Found,UNK
"3-[(2,4-dinitrophenyl)amino]-L-alanine",DNW,Alanine,ALA
N-CARBOXYMETHIONINE,CXM,Methionine,MET
"(4S)-2,4-dimethyl-L-norleucine",5GM,Leucine,LEU
ALPHA-AMINOBUTYRIC ACID,ABA,Tyrosine,TYR
"(2S)-2-amino-3-phenylpropane-1,1-diol",HPH,Phenylalanine,PHE
N-METHYL-ISOLEUCINE,IML,Leucine,LEU
(3S)-3-amino-6-[(diaminomethylidene)amino]hexanoic acid,HR7,Methionine,MET
PARA-NITROPHENYLALANINE,PPN,Alanine,ALA
3-chloro-D-tyrosine,3MY,Tyrosine,TYR
2-AMINO-3-CYCLOHEXYL-PROPIONIC ACID,ALC,Proline,PRO
S-{3-[(4-ANILINOQUINAZOLIN-6-YL)AMINO]-3-OXOPROPYL}-L-CYSTEINE,CY0,Cysteine,CYS
N~6~-tetradecanoyl-L-lysine,MYK,Lysine,LYS
CARBOXYMETHYLATED GLUTAMIC ACID,CGA,Glutamic Acid,GLU
S-(2-AMINO-2-OXOETHYL)-L-CYSTEINE,YCM,Cysteine,CYS
(2S)-2-amino-5-[(N-methylcarbamimidoyl)amino]pentanoic acid,NMM,Methionine,MET
PHENYLALANINE AMIDE,NFA,Alanine,ALA
{3-[4-(2-AMINO-2-CARBOXY-ETHYL)-1H-IMIDAZOL-2-YL]-1-CARBAMOYL-PROPYL}-TRIMETHYL-AMMONIUM,DDE,Methionine,MET
6-CARBOXYLYSINE,6CL,Lysine,LYS
(4S)-4-amino-5-hydroxypentanamide,ECC,Not Found,UNK
"2-AMINO-3-(6,7-DIOXO-6,7-DIHYDRO-1H-INDOL-3-YL)-PROPIONIC ACID",TRQ,Proline,PRO
VALINE BORONIC ACID,B2V,Valine,VAL
2-AMINO-3-MERCAPTO-PROPIONAMIDE,CY3,Proline,PRO
"4-METHYL-4-[(E)-2-BUTENYL]-4,N-METHYL-THREONINE",BMT,Threonine,THR
ACETAMIDOMETHYLCYSTEINE,CY1,Cysteine,CYS
Hypusine,5CT,Glycine,GLY
3-AMINO-6-HYDROXY-TYROSINE,TYQ,Tyrosine,TYR
(2S)-2-amino-4-(2-aminophenyl)-4-oxobutanoic acid,KYN,Phenylalanine,PHE
AMINO-ACETALDEHYDE,GLZ,Alanine,ALA
(R)-2-AMINO-3-(4-PHENYLCYCLOHEXYL)PROPANOIC ACID,BIF,Phenylalanine,PHE
S-HYDROPEROXYCYSTEINE,2CO,Cysteine,CYS
S-MERCAPTOCYSTEINE,CSS,Cysteine,CYS
"O-[N,N-dimethylphosphoramidate]-L-serine",SEN,Serine,SER
O-methyl-L-tyrosine,0A1,Methionine,MET
"2-(2,3-DIHYDROXY-BENZOYLAMINO)-3-HYDROXY-PROPIONIC ACID",DBS,Proline,PRO
(1-AMINO-PENTYL)-PHOSPHONIC ACID,NLP,Not Found,UNK
N-{[4-CHLORO-3-(TRIFLUOROMETHYL)PHENYL]SULFONYL}-L-TRYPTOPHAN,TQI,Methionine,MET
N-ACETYLALANINE,AYA,Alanine,ALA
N~6~-butanoyl-L-lysine,BTK,Lysine,LYS
(Z)-N^6-{3-CARBOXY-1-[(4-CARBOXY-2-OXOBUTOXY)METHYL]PROPYLIDENE}-L-LYSINE,LET,Methionine,MET
"3-{[(2,2,5,5-TETRAMETHYL-1-OXO-2,5-DIHYDRO-1H-PYRROLIUM-3-YL)METHYL]DISULFANYL}-D-ALANINE",R1A,Alanine,ALA
O-BENZYLSULFONYL-SERINE,SEB,Serine,SER
N-(4-AMINO-5-HYDROXY-PENTYL)-GUANIDINE,OAR,Not Found,UNK
4-HYDROXYPROLINE,HYP,Proline,PRO
"(6E)-4-[(2S)-2-amino-2-carboxyethyl]-6-[2-(4-hydroxybenzyl)hydraziniumylidene]-3-oxocyclohexa-1,4-dien-1-olate",4HL,Not Found,UNK
N-ACETYL-SERINE,SAC,Serine,SER
(2S)-2-azanyl-6-(ethanethioylamino)hexanoic acid,TLY,Lysine,LYS
DEOXY-METHYL-ARGININE,ARM,Methionine,MET
PYROGLUTAMIC ACID,PCA,Glutamic Acid,GLU
O-[(S)-hydroxy{[(2S)-2-hydroxy-3-(octadec-9-enoyloxy)propyl]oxy}phosphoryl]-L-serine,S12,Serine,SER
"(2S,3S)-BETA-HYDROXY-PHENYLALANINE",BB8,Alanine,ALA
IODO-PHENYLALANINE,PHI,Alanine,ALA
ASPARTIC ALDEHYDE,ASA,Aspartic Acid,ASP
S-2-(BORONOETHYL)-L-CYSTEINE,S2C,Cysteine,CYS
DIAMINOPROPANOIC ACID,DPP,Proline,PRO
(2-AMINO-2-CARBAMOYL-ETHYLSULFANYL)-ACETIC ACID,AEA,Cysteine,CYS
5-hydroxy-L-tryptophan,4PQ,Tryptophan,TRP
(betaR)-beta-hydroxy-L-Tyrosine,OMX,Tyrosine,TYR
ASPARTYL PHOSPHATE,PHD,Aspartic Acid,ASP
"amino{[(4S)-4-amino-5,5-dihydroxypentyl]amino}methaniminium",AR7,Methionine,MET
"O-[2-(triaza-1,2-dien-2-ium-1-yl)ethyl]-L-tyrosine",4LZ,Tyrosine,TYR
"2,6-dimethyl-L-tyrosine",DI7,Methionine,MET
2-HYDROXY-TRYPTOPHAN,TRO,Tryptophan,TRP
"3,5-DIIODOTYROSINE",TYI,Tyrosine,TYR
PHENYLALANINAL,PHA,Alanine,ALA
N~6~-ETHYL-L-LYSINE,LDH,Lysine,LYS
2-AMINO-4-(AMINO-3-OXO-PROPYLSULFANYLCARBONYL)-BUTYRIC ACID,CYG,Tyrosine,TYR
"(2S)-2,6-diaminohexane-1,1-diol",LYK,Unknown,UNK
6-FLUORO-L-TRYPTOPHAN,FT6,Tryptophan,TRP
"(4R)-2,4-dimethyl-L-norleucine",66D,Leucine,LEU
(2~{S})-2-azanyl-3-[ethyl(methyl)carbamoyl]oxy-propanoic acid,BXT,Methionine,MET
S-ACETONYLCYSTEINE,CSA,Cysteine,CYS
"(2S)-2-azanyl-3-[3,4,6-tris(oxidanylidene)cyclohexen-1-yl]propanoic acid",E9C,Proline,PRO
TYROSINAL,TYB,Tyrosine,TYR
2-methyl-L-norleucine,MK8,Leucine,LEU
HYDROXYETHYLCYSTEINE,OCY,Cysteine,CYS
2-METHYL-GLUTAMINE,MGN,Glutamic Acid,GLU
S-ethyl-L-cysteine,ECX,Cysteine,CYS
THIOGLYCIN,GL3,Glycine,GLY
"N-({4-[(2-amino-6-ethyl-4-oxo-3,4-dihydrothieno[2,3-d]pyrimidin-5-yl)sulfanyl]phenyl}carbonyl)-L-glutamic acid",GHC,Glutamic Acid,GLU
6-AMINO-7-HYDROXY-L-TRYPTOPHAN,TTQ,Tryptophan,TRP
(E)-N~6~-(4-oxobutylidene)-L-lysine,LGY,Lysine,LYS
(betaR)-beta-methoxy-L-phenylalanine,WPA,Alanine,ALA
N-acetyl-3-{[5-(fluorosulfonyl)-2-methylbenzene-1-carbonyl]amino}-L-alanine,QX7,Alanine,ALA
3-chloro-L-tyrosine,3CT,Tyrosine,TYR
O-SULFO-L-TYROSINE,TYS,Tyrosine,TYR
N-DIMETHYL-LYSINE,MLY,Methionine,MET
5-Mercapto-norvaline,QMB,Valine,VAL
"S,S-PROPYLTHIOCYSTEINE",PR3,Cysteine,CYS
(E)-N~6~-(1-carboxy-2-hydroxyethylidene)-L-lysine,KYQ,Lysine,LYS
O-[(R)-(DIMETHYLAMINO)(ETHOXY)PHOSPHORYL]-L-SERINE,SUN,Serine,SER
(4R)-4-methyl-L-proline,MP8,Methionine,MET
NAPHTHALEN-2-YL-3-ALANINE,ALN,Alanine,ALA